geneIndex;muA;muB;lfc;difExpr;stats;pval;local.fdr;fdr;gene_names
10027;2768,08715655847;13481,4280774848;-1,58301298941571;-10713,3409209263;-10,9509538846404;0;2,12187677332575e-18;2,12187677332575e-18;FBtr0082651
344;665,943312084637;2468,00337771211;-1,30941224315852;-1802,06006562748;-9,80607696536344;0;2,02960414459938e-14;1,06049569649379e-15;FBtr0070426
8643;104,877979852779;373,999128290134;-1,26803578081375;-269,121148437355;-8,97719757622169;0;1,03714338952682e-11;7,29983298688644e-13;FBtr0080925
12224;1549,86802980455;5226,95110783689;-1,21543145806952;-3677,08307803233;-8,04588913888063;8,88178419700125e-16;3,71052374066376e-09;3,02398075057983e-10;FBtr0085462
14355;228,674664958726;622,859737071301;-1,00063933731968;-394,185072112575;-7,94261367326983;1,99840144432528e-15;6,79384784658153e-09;3,02398075057983e-10;FBtr0088061
2387;31070,1330505123;12799,992315674;0,886779465825696;18270,1407348383;7,65895190037529;1,86517468137026e-14;4,88481947040211e-05;2,33158318050271e-06;FBtr0073040
68;384,156687244074;938,151525505771;-0,892093082957873;-553,994838261698;-7,43303277415625;1,06137321154165e-13;8,96617977094663e-08;4,70509743484365e-09;FBtr0070088
24851;1445,86427744123;628,467531984627;0,832728654865651;817,396745456603;7,13810183060776;9,46354106190483e-13;0,000266577425943488;3,91273697291754e-05;FBtr0307285
323;1445,97334493532;628,967531984627;0,832009422276124;817,005812950689;7,13334849935939;9,79660796929238e-13;0,00027039317814464;3,91273697291754e-05;FBtr0070402
13081;234,45508341663;575,421183104491;-0,896576454966772;-340,96609968786;-7,12722510853783;1,02406971791424e-12;3,77495876634656e-07;2,6047803568507e-08;FBtr0086463
17937;59,068124413986;178,81970113608;-1,10204964690193;-119,751576722094;-7,04756778956276;1,82076576038526e-12;5,64294024181647e-07;5,89740046681181e-08;FBtr0113414
325;1465,38807316177;646,470692404701;0,817915535274137;818,917380757073;7,04154601464941;1,90114590736812e-12;0,000383330861874114;5,47104174394737e-05;FBtr0070404
324;1462,4431714571;646,808473298033;0,815382600738611;815,634698159066;7,02421850594436;2,15272244474818e-12;0,000406946884341923;5,47104174394737e-05;FBtr0070403
24850;1473,02287711217;656,107279624735;0,808325235898077;816,915597487435;6,97779957423312;2,99849034490762e-12;0,00047021221306774;6,81142856737824e-05;FBtr0307284
11746;1506,51350249432;5535,15827777191;-1,30108060967461;-4028,64477527759;-6,87035827533229;6,40398845064283e-12;1,20494359244146e-06;1,2999781958069e-07;FBtr0084860
24663;8429,65118931341;3285,61680430874;0,942108141498503;5144,03438500467;6,64056825259616;3,12476711172849e-11;0,00144353022680426;0,000261893555244385;FBtr0306946
24662;8426,43349982701;3283,31905145539;0,942425855408698;5143,11444837161;6,63197685336863;3,31219496274571e-11;0,00149403260034358;0,000261893555244385;FBtr0306945
24664;8426,43349982701;3283,31905145539;0,942425855408698;5143,11444837161;6,63197685336863;3,31219496274571e-11;0,00149403260034358;0,000261893555244385;FBtr0306947
25247;892,919989433598;381,12342630353;0,850622455855442;511,796563130067;6,61540654339352;3,70532493576547e-11;0,0015914369883674;0,000261893555244385;FBtr0308329
25244;878,0319987156;403,033187963632;0,777993596680137;474,998810751968;6,58866452680937;4,4380055186366e-11;0,00174863318830656;0,000261893555244385;FBtr0308326
13617;1297,63298162894;442,320057557354;1,07551884628226;855,312924071585;6,52812936200697;6,65960619983252e-11;0,00210447388714409;0,000261893555244385;FBtr0087135
7842;3343,65100525586;1275,96157546099;0,963120995510523;2067,68942979488;6,41140848523804;1,44181333538995e-10;0,00303540748671799;0,000427357221964726;FBtr0079868
16673;1769,31889133286;3607,25796184348;-0,712209296134208;-1837,93907051062;-6,3895145873976;1,66413105517904e-10;8,23413412657286e-06;1,18066467085022e-06;FBtr0100614
13863;817,995620949601;6817,26116963495;-2,11981837599189;-5999,26554868535;-6,34693024092967;2,19653628619199e-10;9,42588302746964e-06;1,18066467085022e-06;FBtr0087455
15028;469,234253220633;1694,36010928304;-1,28318836889703;-1225,12585606241;-6,34039058270738;2,29183338973371e-10;9,60889935025211e-06;1,18066467085022e-06;FBtr0088922
12780;2174,03037560574;7186,05576206822;-1,19539930329439;-5012,02538646248;-6,20240936271886;5,56052093259041e-10;1,63122657967911e-05;2,33158318050271e-06;FBtr0086133
10623;249,506953150948;557,541968224155;-0,802945441345008;-308,035015073206;-6,18322177352471;6,28063823171487e-10;1,72526674767437e-05;2,33158318050271e-06;FBtr0083424
10621;249,943223127294;557,623077777488;-0,801347266900623;-307,679854650194;-6,14205515297591;8,14605716215056e-10;2,06599886380711e-05;7,8167279785037e-06;FBtr0083422
1697;327,821064664702;151,555655482576;0,76974537698368;176,265409182127;6,10899989764385;1,00257402380066e-09;0,00729800692614454;0,00109100274184429;FBtr0072170
1696;327,602929676529;151,555655482576;0,769080760826797;176,047274193954;6,10388212710024;1,0352263490887e-09;0,00740415233754959;0,00109100274184429;FBtr0072169
11723;1639,63533929815;4074,65825013859;-0,91013081793515;-2435,02291084044;-6,02799651644013;1,66004632262684e-09;3,03006083487078e-05;7,8167279785037e-06;FBtr0084825
25246;913,152049268813;389,652218610238;0,850912841791737;523,499830658575;5,92766499828785;3,07272540744918e-09;0,0118953512085683;0,00170679880141533;FBtr0308328
1112;710,447611532338;1549,95947246189;-0,779707855538895;-839,511860929549;-5,89601708023289;3,72380437596576e-09;4,9090518249028e-05;1,65528227648204e-05;FBtr0071398
14754;630,221366523274;250,098142942938;0,923013558579121;380,123223580336;5,88703434345466;3,93187038483234e-09;0,013118859602783;0,00202721052527069;FBtr0088577
7374;2124,94817788699;4050,77271836572;-0,645048395820617;-1925,82454047873;-5,88693536002896;3,93422494582296e-09;5,03965123637625e-05;1,65528227648204e-05;FBtr0079282
14133;2339,37487126105;1079,23369248008;0,773383024426709;1260,14117878097;5,87485955525833;4,23201984567356e-09;0,0134854782461978;0,00202721052527069;FBtr0087789
4475;219,185792973201;85,0071996557236;0,943597732827546;134,178593317477;5,86673515371103;4,44459757886762e-09;0,0137301278471433;0,00202721052527069;FBtr0075646
24807;186,136278792147;375,866754963532;-0,701402390497575;-189,730476171385;-5,85646125596032;4,72833838749409e-09;5,59504793797661e-05;2,16132138571284e-05;FBtr0307189
9032;493,392663478623;193,615347042708;0,933865658411177;299,777316435915;5,82142829781469;5,83468362513884e-09;0,0155843818362423;0,00263210404920902;FBtr0081392
16423;38,5078303600888;5,84252112868141;1,81648606066842;32,6653092314074;5,80049963394975;6,61176180472012e-09;0,0164769310820851;0,00263210404920902;FBtr0100322
4581;661,088499086175;331,682765390004;0,688958444462539;329,405733696171;5,79870570787196;6,6828691469567e-09;0,0165534370347903;0,00263210404920902;FBtr0075781
6059;165,521887495077;76,1262303023296;0,773180181769433;89,3956571927479;5,78669870662173;7,1783161637029e-09;0,0170655022091314;0,00263210404920902;FBtr0077678
18936;165,521887495077;76,1262303023296;0,773180181769433;89,3956571927479;5,78669870662173;7,1783161637029e-09;0,0170655022091314;0,00263210404920902;FBtr0290241
6410;851,040135177225;1613,65223834832;-0,639518534348929;-762,612103171095;-5,7718237522405;7,84181164448228e-09;7,64164005308293e-05;3,09170177008195e-05;FBtr0078098
23855;493,938000949055;194,115347042708;0,932396734751899;299,822653906348;5,74919383509669;8,9669969227657e-09;0,0186649805614589;0,00263210404920902;FBtr0305584
5636;8142,92623929782;3665,88822427575;0,798003962960812;4477,03801502208;5,69186659915025;1,25658015104335e-08;0,021308764816683;0,0039998951179257;FBtr0077123
10622;253,542609160829;573,637473930842;-0,815366863713976;-320,094864770013;-5,68081391500793;1,34055264666699e-08;0,000103441625253361;5,47104174394737e-05;FBtr0083423
24476;594,445482447419;243,71928053626;0,890403262774057;350,726201911159;5,67751687516216;1,36664048966395e-08;0,0221535248157556;0,0039998951179257;FBtr0306705
5637;8153,94229429358;3670,45599114909;0,798110729345438;4483,4863031445;5,65405010430362;1,56710495691215e-08;0,0235350001211456;0,0039998951179257;FBtr0077124
12878;906,609586910426;1725,90505221616;-0,64353325463339;-819,295465305735;-5,61000374284011;2,02322238962438e-08;0,000131947445870222;5,47104174394737e-05;FBtr0086249
2738;198,406887745089;385,908889950236;-0,664059294744972;-187,502002205147;-5,60686044861256;2,06029646676598e-08;0,000133212831600174;5,47104174394737e-05;FBtr0073473
2869;289,755001306051;145,94786056925;0,684090386899854;143,807140736801;5,60387600117112;2,09610688806094e-08;0,0264887207188997;0,0039998951179257;FBtr0073634
80;100,569377332491;36,6321986688195;1,00132270344936;63,9371786636719;5,59562308432834;2,19830822434375e-08;0,026974565187423;0,0039998951179257;FBtr0070101
81;100,569377332491;36,6321986688195;1,00132270344936;63,9371786636719;5,59562308432834;2,19830822434375e-08;0,026974565187423;0,0039998951179257;FBtr0070102
18657;342,437458066076;648,239652951337;-0,637483392604383;-305,802194885261;-5,58929725308876;2,27990386569843e-08;0,000140283190077396;5,47104174394737e-05;FBtr0273361
10536;402,263875370936;188,779673096092;0,755124799899489;213,484202274845;5,58510942039071;2,33553119066698e-08;0,0275934985373315;0,0039998951179257;FBtr0083320
10537;402,263875370936;188,779673096092;0,755124799899489;213,484202274845;5,58510942039071;2,33553119066698e-08;0,0275934985373315;0,0039998951179257;FBtr0083321
8162;1355,9858369807;723,988248978129;0,627187149052541;631,997588002572;5,5796865929342;2,40952340302414e-08;0,0279127372711871;0,0039998951179257;FBtr0080275
13248;4227,96916544525;9797,79038547241;-0,840367891861415;-5569,82122002716;-5,57762262092527;2,43827902313143e-08;0,000144983008762087;5,47104174394737e-05;FBtr0086671
19082;72,865519555459;24,9267911020894;1,0596506784769;47,9387284533695;5,57337673777282;2,49848450817325e-08;0,0282841948159247;0,0046979902654582;FBtr0299575
20126;248,416040117063;105,078126949136;0,857664432665017;143,337913167927;5,56373615352212;2,64059103471936e-08;0,0288517304667457;0,0046979902654582;FBtr0300765
11725;218,584770972793;506,192951597543;-0,838446464992521;-287,60818062475;-5,5616737825967;2,67199415926456e-08;0,000151403480715805;5,47104174394737e-05;FBtr0084828
11592;414,206885019918;215,121667882856;0,654046635156382;199,085217137063;5,56018400161993;2,69490376680892e-08;0,0290608436064893;0,0046979902654582;FBtr0084646
11591;455,926907841318;228,271597782886;0,690704456721699;227,655310058432;5,55880845991897;2,71622577763253e-08;0,0291418209553909;0,0046979902654582;FBtr0084645
9125;311,458797714543;116,091469629132;0,984195008511505;195,367328085412;5,55758357626668;2,73535019079674e-08;0,0292139291516065;0,0046979902654582;FBtr0081502
19599;1172,04013521936;2148,98546471741;-0,606056043545463;-976,94532949805;-5,53958848743413;3,03183222971626e-08;0,000164483789504087;6,81142856737824e-05;FBtr0300192
25243;964,087918200992;412,793019723704;0,847544150117864;551,294898477287;5,53686799711282;3,07928451626083e-08;0,030653850473979;0,0059877052522412;FBtr0308325
20799;29,4550696222289;1,1125351486754;2,92189101268211;28,3425344735535;5,52182906056718;3,35488798963723e-08;0,0318439519967324;0,0059877052522412;FBtr0301484
19600;1176,83918432351;2152,66207997743;-0,603680532783066;-975,822895653926;-5,52092710779717;3,37215657619794e-08;0,000176865392264507;9,39682366286297e-05;FBtr0300193
20125;246,779948341425;104,997017395802;0,851838407529987;141,782930945624;5,50868263871985;3,61529017833817e-08;0,0328842899629038;0,0059877052522412;FBtr0300764
21357;3337,53925737001;1539,07499021476;0,773877187960527;1798,46426715525;5,50481766878554;3,69550536838403e-08;0,0331901431454249;0,0059877052522412;FBtr0302158
14747;615,224070218169;250,138170982926;0,898788575991502;365,085899235243;5,4896420606992;4,02749078531883e-08;0,0343910601276506;0,0059877052522412;FBtr0088570
18726;83,0089552341838;30,0233502821355;1,00646190069469;52,9856049520483;5,48860985246365;4,05109297219042e-08;0,0344727436023558;0,0059877052522412;FBtr0273442
6349;721,187386715402;385,12869367032;0,626717089726932;336,058693045082;5,48804182844813;4,06413840359221e-08;0,0345176940045188;0,0059877052522412;FBtr0078029
21640;547,980904586746;216,93065646948;0,925272486364538;331,050248117266;5,47749433781128;4,31390805299969e-08;0,0353523663651648;0,0059877052522412;FBtr0302505
14054;1194,6727116609;2172,56973469082;-0,5978500886688;-977,897023029917;-5,47541288552981;4,3649265757395e-08;0,000207063535758018;9,39682366286297e-05;FBtr0087687
14752;633,493391345869;253,098142942938;0,916287630882167;380,395248402931;5,47402618990327;4,39924006112591e-08;0,0356268171611986;0,0059877052522412;FBtr0088575
21356;3339,2843372754;1541,56164753476;0,772785981937851;1797,72268974063;5,46909688243814;4,52334460998571e-08;0,0360168963601211;0,0059877052522412;FBtr0302157
21355;3341,90203649781;1542,80497619477;0,772763515806693;1799,09706030305;5,45554556398775;4,88227098749405e-08;0,0370892756918771;0,0059877052522412;FBtr0302156
18727;82,7362468167975;30,0233502821355;1,00319093808613;52,712896534662;5,39462579437711;6,86665062588077e-08;0,0419101425370427;0,00699252701464273;FBtr0273443
9214;360,651332756821;190,53634443609;0,636833379853384;170,114988320731;5,37940516502724;7,47323489758145e-08;0,0434057106153107;0,00882603852125123;FBtr0081615
19536;693,268251066442;1630,71157743479;-0,854940344172522;-937,443326368353;-5,3773868323845;7,55746851766048e-08;0,00028121046009174;0,000115784256910301;FBtr0300127
13104;9320,54593852745;16585,4281327515;-0,576279785448343;-7264,882194224;-5,37412577958692;7,69551271595503e-08;0,000284732048695684;0,000115784256910301;FBtr0086499
17762;508,880009545885;274,727708323124;0,615595533333535;234,152301222762;5,35221923703748;8,68820440036444e-08;0,046219102846543;0,00882603852125123;FBtr0113199
5863;13151,9100399998;23326,6469856362;-0,573012774206155;-10174,7369456364;-5,35052729293355;8,76983246023144e-08;0,000310215892971497;0,000158157667784794;FBtr0077431
1749;923,896348219266;2007,00302129084;-0,775506022862533;-1083,10667307157;-5,34487863060424;9,04776582544287e-08;0,000316315844772694;0,000158157667784794;FBtr0072239
14755;585,392959802579;244,623774829572;0,87137382408079;340,769184973007;5,34463692589234;9,05984680610317e-08;0,0470037740661015;0,00882603852125123;FBtr0088578
17637;579,122174125157;315,020546283336;0,608152664562126;264,101627841821;5,33517990341755;9,54498731164932e-08;0,0479824536819376;0,00882603852125123;FBtr0113043
14053;1268,2421094067;2311,0588514312;-0,599896179797644;-1042,81674202449;-5,33422562764234;9,59531529787228e-08;0,000327819949783263;0,000158157667784794;FBtr0087686
14753;582,011629392877;235,662749396202;0,902827966428228;346,348879996676;5,32922583116487;9,86322916673998e-08;0,0485986232173749;0,00882603852125123;FBtr0088576
8862;548,853523903778;270,46893003641;0,706738010810253;278,384593867368;5,32802947141928;9,92840170077613e-08;0,0487224309908403;0,00882603852125123;FBtr0081193
25245;990,0466167083;422,901868110388;0,84993515799029;567,144748597912;5,31678805634672;1,05614966994239e-07;0,0498857721813676;0,00882603852125123;FBtr0308327
2219;268,813090069361;140,461203249246;0,647389908139103;128,351886820115;5,31145291551643;1,08754670824496e-07;0,0504378903128556;0,00882603852125123;FBtr0072827
19874;398,444528969405;212,64729976949;0,626838907171927;185,797229199916;5,29986932238867;1,15885594453857e-07;0,0516366425102309;0,00882603852125123;FBtr0300494
19875;398,226393981232;212,485080662822;0,627053332879873;185,741313318411;5,29162140592678;1,21236666927871e-07;0,0524901952786509;0,00882603852125123;FBtr0300495
12065;396,864121723743;213,54161180288;0,618682599718575;183,322509920863;5,28712087922232;1,24256534173028e-07;0,0529559416335871;0,00882603852125123;FBtr0085267
4548;131,818603264226;60,3653450688995;0,776548709217969;71,4532581953268;5,27960740218871;1,29460976383555e-07;0,0537334894121244;0,00882603852125123;FBtr0075747
11528;878,361978949764;487,8611390707;0,587572693582642;390,500839879064;5,27465138573133;1,33008683844693e-07;0,0542463730703285;0,00882603852125123;FBtr0084573
3748;684,321700706423;377,558819850266;0,594108721857736;306,762880856157;5,27164743872248;1,352046103964e-07;0,054557242766626;0,00882603852125123;FBtr0074746
17400;25,5828164426275;3,97805487535741;1,76208795112381;21,6047615672701;5,27092051818853;1,35741246021226e-07;0,0546324696481105;0,00882603852125123;FBtr0112737
3217;258,342293179696;131,728056849166;0,671690834372068;126,614236330531;5,26815660936675;1,37800523880571e-07;0,0549184984939886;0,00882603852125123;FBtr0074077
7110;273,611980444827;144,366751015916;0,637722349244404;129,245229428911;5,25366361937203;1,49103093871616e-07;0,0564183356698182;0,0102469792713448;FBtr0078967
5139;288,390824304398;133,863590595842;0,765499358082766;154,527233708557;5,24350715926758;1,57552692670038e-07;0,0574693980416991;0,0102469792713448;FBtr0076486
20356;135,964199775935;303,977357823274;-0,80253441831922;-168,013158047339;-5,24236165038945;1,5853425394674e-07;0,000427358109071941;0,000193379937895982;FBtr0301011
14052;1232,95691000773;2176,57184163754;-0,568160058734547;-943,614931629809;-5,23708355606017;1,63133850206165e-07;0,000436510830554652;0,000193379937895982;FBtr0087685
13211;2576,45906147946;6289,43638289557;-0,892340911225945;-3712,97732141611;-5,22463887806465;1,74495320637291e-07;0,00045809109504578;0,000193379937895982;FBtr0086625
12450;582,610587920442;239,386767009718;0,888209848165977;343,223820910724;5,21403763838962;1,84773951694694e-07;0,061105668478827;0,0128050233548746;FBtr0085731
17091;2292,03942009883;4011,12454293875;-0,559536161960208;-1719,08512283992;-5,20314674718047;1,95942021496975e-07;0,000495360510062045;0,000261893555244385;FBtr0111266
1750;906,008564910019;1965,4833577707;-0,774147357172263;-1059,47479286068;-5,19797764455426;2,01468350446987e-07;0,000504324229484569;0,000261893555244385;FBtr0072240
6487;1450,71821743195;823,523714598643;0,565959323291204;627,194502833306;5,17904994854396;2,23018755907134e-07;0,065706728649969;0,0128050233548746;FBtr0078196
14492;532,114004809535;294,87974516987;0,589535167929718;237,234259639665;5,16939025835155;2,34858998693355e-07;0,0669770273180423;0,0128050233548746;FBtr0088235
18770;654,706979263523;295,477357823274;0,794668227035764;359,229621440249;5,16092810418808;2,45728544401302e-07;0,0680898438731033;0,0128050233548746;FBtr0289982
19038;5885,93604751888;2464,25970052607;0,870556411045492;3421,67634699281;5,16013199470542;2,46775792911436e-07;0,0681945363420462;0,0128050233548746;FBtr0299528
1390;292,535230351005;584,117109410999;-0,690664277222197;-291,581879059994;-5,15953854865374;2,47559249544338e-07;0,000570981306239146;0,000261893555244385;FBtr0071778
20745;1580,83184902448;654,383262011219;0,88156571955108;926,448587013259;5,1525681073698;2,56943254006714e-07;0,0691892262147546;0,0128050233548746;FBtr0301429
11931;318,059801719151;153,776512676018;0,725063688665546;164,283289043133;5,14747741964862;2,64012773198985e-07;0,0698586776881424;0,0128050233548746;FBtr0085095
13900;386,010675914864;211,377285749496;0,601152223401959;174,633390165368;5,14738416042012;2,64144019990198e-07;0,0698709417536972;0,0128050233548746;FBtr0087502
20744;1589,99351852774;650,707700224555;0,892970996777157;939,285818303189;5,14690472664005;2,64819739026478e-07;0,0699339897480026;0,0128050233548746;FBtr0301428
15019;6932,44820623648;12057,6204790547;-0,553453182326726;-5125,17227281827;-5,14648714306743;2,65409645816561e-07;0,000593613694528754;0,000261893555244385;FBtr0088906
20358;472,232061703379;261,510011549756;0,590146047193208;210,722050153623;5,13697405056605;2,79197490238303e-07;0,0712399244455545;0,0128050233548746;FBtr0301013
11932;317,950734225064;153,776512676018;0,724721253214331;164,174221549047;5,13282062609092;2,85431908553235e-07;0,0717861210081353;0,0128050233548746;FBtr0085096
15663;2617,94253678577;1488,86747570131;0,564228172534015;1129,07506108446;5,12719482889977;2,94091136776586e-07;0,0725259421138247;0,0128050233548746;FBtr0089745
15661;2618,37880676212;1489,35413302132;0,564068071967793;1129,0246737408;5,12481585174782;2,97828687267909e-07;0,072838789777394;0,0128050233548746;FBtr0089743
4717;1035,85821816258;416,301447510568;0,910858170134649;619,556770652008;5,12291655941335;3,00845502954061e-07;0,0730885564339529;0,0128050233548746;FBtr0075946
21642;532,983608281642;216,970684509468;0,897364287819328;316,012923772174;5,10794171548804;3,25687072422198e-07;0,0750578250040636;0,0128050233548746;FBtr0302507
1924;58,0862788741871;21,4001057420974;0,984009055044101;36,6861731320896;5,09087381916566;3,56417158675626e-07;0,0773023406700171;0,0147777117574367;FBtr0072458
7612;166,121877759063;85,6272837756876;0,659900794221791;80,4945939833759;5,08763728395607;3,6255192781276e-07;0,0777279616044373;0,0147777117574367;FBtr0079589
11196;337,036831411141;158,439785256044;0,75314921305506;178,597046155097;5,08570652043297;3,6626004051854e-07;0,0779818668832714;0,0147777117574367;FBtr0084147
11720;14,075759312631;45,0654852688395;-1,1397907001252;-30,9897259562085;-5,0784098443643;3,80606963723551e-07;0,000719834292279623;0,000318150417574845;FBtr0084817
929;221,094434437544;117,700318015816;0,628468043746178;103,394116421729;5,06965821958492;3,98530717760082e-07;0,0803659924325295;0,0182771642395706;FBtr0071170
24848;221,094434437544;117,700318015816;0,628468043746178;103,394116421729;5,06965821958492;3,98530717760082e-07;0,0803659924325295;0,0182771642395706;FBtr0307282
22008;644,346837154748;364,863594543458;0,568119819632649;279,48324261129;5,05560028276728;4,29039106242257e-07;0,0826456068594839;0,0182771642395706;FBtr0303012
5748;157,723601350063;288,917666263142;-0,603861625786287;-131,194064913079;-5,04584078297561;4,51531308121034e-07;0,000809244517973154;0,000427357221964726;FBtr0077272
1948;1034,82537058887;593,806013877659;0,555076662431167;441,019356711212;5,04561258707894;4,5207059340413e-07;0,0842651969514374;0,0182771642395706;FBtr0072487
5821;63,048889537293;21,4545299354395;1,06283603022043;41,5943596018535;5,0304420965804;4,89350160393087e-07;0,0867252214524058;0,0182771642395706;FBtr0077378
1923;58,1953463682736;22,0623248487654;0,956078972340383;36,1330215195082;5,02820104433771;4,95102646214107e-07;0,0870886271989438;0,0182771642395706;FBtr0072457
16275;58,1953463682736;22,0623248487654;0,956078972340383;36,1330215195082;5,02820104433771;4,95102646214107e-07;0,0870886271989438;0,0182771642395706;FBtr0100126
1947;1037,27942888799;596,941547624335;0,552182094114578;440,337881263652;5,02272226138331;5,09441890228501e-07;0,0879770586115332;0,0182771642395706;FBtr0072486
21358;3557,37078370904;1616,62555298833;0,788512048256783;1940,74523072071;5,01571011136962;5,28379456188333e-07;0,0891141385787102;0,0182771642395706;FBtr0302159
15018;8584,9475366257;14628,4561964251;-0,532934242636416;-6043,50865979944;-5,01316362665748;5,35423279046654e-07;0,00089895149130466;0,000427357221964726;FBtr0088905
8557;87,2626668678975;30,3734203821055;1,04474057177302;56,889246485792;4,99116720911462;6,00155144470094e-07;0,0930939796311766;0,0182771642395706;FBtr0080828
11705;1702,61622194712;915,963322038811;0,619692876870868;786,652899908313;4,98558059292477;6,1776021498261e-07;0,0939998971231562;0,0182771642395706;FBtr0084800
22014;649,364021247067;371,325673450186;0,558338018244249;278,038347796881;4,9808582702979;6,33028902408128e-07;0,0947656620379226;0,0182771642395706;FBtr0303018
2455;1363,45414289155;691,958403198063;0,677895049583943;671,495739693488;4,97922550814558;6,38392239515895e-07;0,0950304283550915;0,0182771642395706;FBtr0073119
19961;101,333325977138;45,2020724888735;0,801193770968112;56,1312534882642;4,97413007017721;6,55412929040367e-07;0,0958566971066898;0,0182771642395706;FBtr0300583
14750;588,664984625174;247,623774829572;0,864778540433651;341,041209795603;4,96792830710002;6,767197067159e-07;0,0968623659161822;0,0182771642395706;FBtr0088573
21073;3058,99206784505;5814,65512129945;-0,642218550390677;-2755,6630534544;-4,96081093414401;7,01994938623329e-07;0,001042672736367;0,000427357221964726;FBtr0301784
19540;1446,79504158278;2832,89839864044;-0,671780513112459;-1386,10335705766;-4,95726633130023;7,14919449640306e-07;0,0010524035584031;0,000427357221964726;FBtr0300131
14751;585,283654215472;238,662749396202;0,895806250650426;346,62090481927;4,95508784529666;7,22976184253099e-07;0,0989445563795052;0,0182771642395706;FBtr0088574
9991;23031,5820137739;38928,8625387985;-0,524860672773523;-15897,2805250246;-4,95227731806781;7,33499712080032e-07;0,0010660996484984;0,000427357221964726;FBtr0082607
14749;570,395663497475;244,66380286956;0,845279896752083;325,731860627915;4,95218311872172;7,33854968570924e-07;0,0994155825828861;0,0182771642395706;FBtr0088572
16496;23067,193463283;38965,3688596387;-0,524253018241672;-15898,1753963556;-4,94714068636373;7,53115465546017e-07;0,00108020098824794;0,000427357221964726;FBtr0100410
21074;3065,5364349476;5820,10175057947;-0,641017986045387;-2754,56531563186;-4,94564139007155;7,58935610134515e-07;0,00108431693185054;0,000427357221964726;FBtr0301785
14748;567,014333087773;235,70277743619;0,876575343052518;331,311555651583;4,9435041483233;7,67307166693598e-07;0,100822951700275;0,0209637617298182;FBtr0088571
21072;3061,60984643181;5817,22288817279;-0,641804758183263;-2755,61304174098;-4,94013581390089;7,8068175213275e-07;0,00109943111650932;0,000427357221964726;FBtr0301783
22012;632,403430684065;363,364648016816;0,553535899967777;269,038782667249;4,93676963287568;7,94271986404027e-07;0,101915010853199;0,0209637617298182;FBtr0303016
1861;213,568221795195;113,21471416917;0,632601953052208;100,353507626025;4,93516294807443;8,00838697134765e-07;0,102175548505346;0,0209637617298182;FBtr0072372
1607;369,214599282904;207,607271729502;0,574677678475461;161,607327553402;4,93319257482481;8,08963251497374e-07;0,102495061343154;0,0209637617298182;FBtr0072068
13366;139,56342708079;64,8263705022695;0,7626995796518;74,7370565785201;4,93095632879961;8,18280277092853e-07;0,102857687720509;0,0209637617298182;FBtr0086825
1605;366,869529113534;206,620614409498;0,573066930916022;160,248914704036;4,91866690000702;8,71356033549375e-07;0,104963177078432;0,0256534221874877;FBtr0072066
384;591,93732690513;309,027568123184;0,649197928785369;282,909758781946;4,91722725595741;8,7778629609403e-07;0,105242517352368;0,0256534221874877;FBtr0070477
11361;1423,39573874469;2414,51707286577;-0,52830976345358;-991,12133412108;-4,91722481683086;8,77797229348332e-07;0,00118210706469494;0,000516105441904998;FBtr0084352
9963;115,131276668992;228,18030596963;-0,681918505312444;-113,049029300638;-4,91513965345405;8,871919390252e-07;0,00119103419583759;0,000516105441904998;FBtr0082574
13817;3298,01010815116;5564,92547989787;-0,52310255406545;-2266,91537174671;-4,91188807645509;9,02035412364555e-07;0,00120495504952841;0,000516105441904998;FBtr0087399
21658;96,6973622459104;38,6332521421775;0,909771029718091;58,0641101037329;4,91044365814393;9,08705632074458e-07;0,106558767763015;0,0256534221874877;FBtr0302525
1608;365,833348237542;206,377285749496;0,571417911409889;159,456062488046;4,90521241330403;9,33262873648033e-07;0,107573808506592;0,0256534221874877;FBtr0072069
508;22,3106328913522;4,16695934201741;1,58671902700746;18,1436735493348;4,90363458420106;9,40794316228732e-07;0,107879961415685;0,0256534221874877;FBtr0070623
13166;438,147477747096;249,506851129682;0,562207756517267;188,640626617414;4,89995499823869;9,58586092503211e-07;0,108593927170605;0,0256534221874877;FBtr0086570
12351;2081,3158628416;3512,56203158935;-0,523247507010878;-1431,24616874775;-4,89594195455;9,78359440573229e-07;0,00127322457845183;0,000687611485754444;FBtr0085618
5355;120,093569874737;61,2175221155855;0,669858085581883;58,8760477591514;4,88659819780205;1,02593168582743e-06;0,111185604115947;0,0256534221874877;FBtr0076746
22069;283,047866287942;149,301091089294;0,638072594740953;133,746775198648;4,87828206452308;1,07013817518542e-06;0,112799218918064;0,0256534221874877;FBtr0303106
1946;1064,22013166377;624,014581864463;0,533492577482858;440,205549799311;4,87534452509025;1,08618716221365e-06;0,113369202220594;0,0256534221874877;FBtr0072485
15027;81,8637068641055;160,749827316026;-0,671809995556738;-78,8861204519202;-4,87406674816144;1,09324024677449e-06;0,00136687807264547;0,000687611485754444;FBtr0088921
16841;356,015210296913;194,877285749496;0,601444416606839;161,137924547417;4,86745045260977;1,13047161387492e-06;0,11490092276621;0,0256534221874877;FBtr0110838
2042;88,0260599621628;34,4966649221435;0,928044202507034;53,5293950400194;4,86594624147771;1,13910479915269e-06;0,115192791266483;0,0256534221874877;FBtr0072613
2043;88,0260599621628;34,4966649221435;0,928044202507034;53,5293950400194;4,86594624147771;1,13910479915269e-06;0,115192791266483;0,0256534221874877;FBtr0072614
3570;257,142471380405;142,866751015916;0,586166814543499;114,275720364489;4,85635503417039;1,19566242018365e-06;0,117053814119545;0,0256534221874877;FBtr0074509
13253;1344,80558551126;2263,97212598503;-0,520720486441602;-919,166540473769;-4,84951884825636;1,23761309844816e-06;0,00147197406855927;0,000687611485754444;FBtr0086676
19962;150,306297473119;77,6806544956716;0,656973983153019;72,6256429774479;4,84429507573335;1,27061981514132e-06;0,119393859281655;0,0256534221874877;FBtr0300584
12922;199,225171725929;108,590416155774;0,604765235784184;90,6347555701551;4,84355431146839;1,27536838578912e-06;0,119537592930784;0,0256534221874877;FBtr0086302
728;50,2328637495781;12,3569172820354;1,37269192440459;37,8759464675427;4,84114562169795;1,29092725686952e-06;0,120004961278177;0,0256534221874877;FBtr0070901
563;708,972382928095;413,91205037031;0,537660801544962;295,060332557785;4,83672544571111;1,31995547558716e-06;0,1208626268736;0,0256534221874877;FBtr0070685
11704;1724,64920494638;935,600962732203;0,61134548451868;789,048242214176;4,83553082780647;1,32790791917969e-06;0,121094423679777;0,0256534221874877;FBtr0084799
2507;16903,423373355;9285,70117297256;0,599016193777246;7617,72220038241;4,83078756226927;1,3599404538045e-06;0,122014779718388;0,0256534221874877;FBtr0073179
19073;246,889730114573;137,298984142578;0,58516896125527;109,590745971995;4,828219002478;1,37759546592342e-06;0,122513168327648;0,0256534221874877;FBtr0299566
1606;372,541276899052;212,350600389504;0,561098562462321;160,190676509548;4,82746363109558;1,38282932082845e-06;0,122659736258063;0,0256534221874877;FBtr0072067
17404;186,791715493088;87,8428736023396;0,751441842723428;98,9488418907485;4,82729638537727;1,38399072446838e-06;0,122692187657963;0,0256534221874877;FBtr0112743
8050;207,896315280996;364,352358810178;-0,56005114661168;-156,456043529182;-4,82148046769365;1,4249667574795e-06;0,00159201372736689;0,000687611485754444;FBtr0080123
2018;127,237927241274;60,0563564822755;0,746406278062029;67,181570758998;4,82090476083003;1,42908577127621e-06;0,123932381824294;0,0256534221874877;FBtr0072585
17572;50,5600662318376;12,3569172820354;1,37912073255947;38,2031489498022;4,80911293580504;1,51601541698021e-06;0,12622039991708;0,0256534221874877;FBtr0112955
13315;80,6093116356005;156,302144562652;-0,6591870136349;-75,6928329270512;-4,80601443773996;1,53968785099323e-06;0,00165822785676701;0,000687611485754444;FBtr0086751
2041;87,208014074344;34,3344458154755;0,923406556241283;52,8735682588686;4,80531915919157;1,54504836680225e-06;0,126956522570971;0,0256534221874877;FBtr0072612
8819;612,879793692201;357,85130533682;0,537470504586803;255,028488355381;4,80227189395929;1,56875480250562e-06;0,127547796438264;0,0256534221874877;FBtr0081148
1114;117,584858782067;212,931709942838;-0,591913413522411;-95,3468511607707;-4,79975580644084;1,58859208565509e-06;0,00168502269836168;0,000687611485754444;FBtr0071403
2456;1378,83297701511;699,405032478079;0,678410653359712;679,427944537029;4,79721533424003;1,60886616540346e-06;0,128528942282983;0,0256534221874877;FBtr0073120
19018;393,48207703498;226,0303760696;0,553426371890694;167,45170096538;4,79605180783211;1,6182344411142e-06;0,128754706273468;0,0256534221874877;FBtr0299507
21618;2272,5601185363;914,524067072301;0,909931904744004;1358,036051464;4,79279939624826;1,64470060837196e-06;0,12938578556215;0,0292397779892576;FBtr0302456
2505;16945,3063228206;9270,86830697236;0,603089414016351;7674,43801584824;4,79236101688169;1,64829953730461e-06;0,129470846180002;0,0292397779892576;FBtr0073177
2506;17000,8236614191;9323,64990919929;0,600683404639547;7677,17375221984;4,79010127255237;1,66697158476836e-06;0,129909314008315;0,0292397779892576;FBtr0073178
19180;294,662086167862;146,489995555954;0,697160123066971;148,172090611908;4,77382604032553;1,80758533674386e-06;0,133067266718806;0,0292397779892576;FBtr0299698
21156;647,727612014069;341,257906576848;0,640139276891326;306,469705437221;4,76045650653349;1,93155558037006e-06;0,135833183057192;0,0353901905848977;FBtr0301871
3652;1454,81201826635;2918,72670222116;-0,696098430023431;-1463,91468395481;-4,75594079729318;1,97524354450529e-06;0,00191332539521417;0,000825747645647711;FBtr0074626
8904;70,6298343375361;26,2522827887835;0,977887052133565;44,3775515487526;4,74769276740485;2,05750259163473e-06;0,138718910740339;0,0353901905848977;FBtr0081240
21641;731,166467191766;333,96296166992;0,782798618216919;397,203505521846;4,74614233690602;2,07332838142449e-06;0,139069444401844;0,0353901905848977;FBtr0302506
2492;131,981926730166;58,3109208755575;0,812118667250985;73,671005854608;4,74280630661883;2,10777781117777e-06;0,139823680668703;0,0353901905848977;FBtr0073163
12536;275,521653645593;133,984728189164;0,719028670344168;141,536925456429;4,7396419852638;2,1409616699497e-06;0,140539095614164;0,0353901905848977;FBtr0085829
20947;155,48799549648;75,5984914689795;0,717750610681249;79,8895040275004;4,73850402835512;2,15301749983965e-06;0,140796373965007;0,0353901905848977;FBtr0301647
6540;263,685965475214;120,567944689214;0,780301355484638;143,118020786;4,72839709308734;2,26299271832708e-06;0,14308143029529;0,0353901905848977;FBtr0078262
9628;646,74592520295;341,257906576848;0,638623712164109;305,488018626102;4,72669643588499;2,28202025698288e-06;0,143465928405046;0,0353901905848977;FBtr0082133
21155;646,74592520295;341,257906576848;0,638623712164109;305,488018626102;4,72669643588499;2,28202025698288e-06;0,143465928405046;0,0353901905848977;FBtr0301870
2910;22,7469822320384;4,89694532202341;1,46034221473208;17,850036910015;4,72476053944966;2,30386670097005e-06;0,14390361127202;0,0353901905848977;FBtr0073685
15722;272,63116664145;154,882200642628;0,564064251293011;117,748965998822;4,72473632655857;2,304141209164e-06;0,143909085515061;0,0353901905848977;FBtr0089881
13925;954,107964716886;479,91134937061;0,686658033287827;474,196615346276;4,72160788641622;2,33987458120311e-06;0,14461638815051;0,0353901905848977;FBtr0087535
5925;781,997951125926;1390,84500423475;-0,575534883178039;-608,847053108829;-4,70819165723456;2,49924060602424e-06;0,00222713342259662;0,00109100274184429;FBtr0077505
1548;468,251772766113;274,347792443088;0,533855896764791;193,903980323025;4,70148403983371;2,58277454823208e-06;0,149166147479595;0,0353901905848977;FBtr0071996
5901;86,772299648379;40,4566368821555;0,756519241798176;46,3156627662235;4,69508643293464;2,6649401760892e-06;0,150612569343004;0,0353901905848977;FBtr0077478
19662;1112,69868835889;589,724904324325;0,634489193355255;522,973784034565;4,69049243253969;2,72548309698806e-06;0,15165121749951;0,0353901905848977;FBtr0300265
22140;275,30351865742;133,660289975828;0,720653444350982;141,643228681592;4,68281607270192;2,82960393116483e-06;0,153386750000323;0,0353901905848977;FBtr0303227
4023;432,477793434421;970,808829719307;-0,807958029670572;-538,331036284886;-4,6816279053247;2,84605731515342e-06;0,0024017107778427;0,00109100274184429;FBtr0075069
911;168,959140527775;43,9576903555135;1,33807388056017;125,001450172262;4,68089491882226;2,85625323348526e-06;0,153821099753028;0,0353901905848977;FBtr0071142
4401;699,595276824221;1348,74809258105;-0,656086312279245;-649,152815756829;-4,67899764273295;2,88280756710613e-06;0,00241899690099384;0,00109100274184429;FBtr0075552
2494;30,1093158580677;8,14027398202541;1,26487010923632;21,9690418760423;4,6716890117167;2,98733023829101e-06;0,155902444468339;0,0353901905848977;FBtr0073165
17281;34,4176802853348;10,7624650487054;1,13151777976833;23,6552152366294;4,66865029838625;3,03184937289203e-06;0,156589460952337;0,0353901905848977;FBtr0112568
20648;364,795976896448;212,594982522864;0,538969926940216;152,200994373584;4,65832565548312;3,18791628761694e-06;0,158923738356777;0,0353901905848977;FBtr0301325
1803;24,6011296315089;6,05916442869141;1,34204962919624;18,5419652028175;4,6572036785901;3,20533293773906e-06;0,159177403818551;0,0353901905848977;FBtr0072298
17303;192,462193449164;98,4260901023896;0,668121274157606;94,0361033467746;4,65106806348156;3,30220310451601e-06;0,160564592493705;0,0353901905848977;FBtr0112596
4482;815,043020903931;302,67363660344;0,989548475218943;512,369384300491;4,65057245623621;3,31014922139161e-06;0,160676643322499;0,0353901905848977;FBtr0075654
2129;561,561752026849;333,910644423294;0,519242010795453;227,651107603555;4,63573653819336;3,5566874421189e-06;0,164030865699628;0,0400786643187918;FBtr0072717
19822;2560,20443346526;5064,39317469743;-0,682050656637439;-2504,18874123216;-4,63544300756301;3,5617385101272e-06;0,00270523858260861;0,00109100274184429;FBtr0300437
8182;776,161054494645;465,68943870381;0,510411959550899;310,471615790834;4,63473749035876;3,57390718108697e-06;0,164256738381923;0,0400786643187918;FBtr0080299
1657;358,415806267578;209,457341829472;0,536183462114377;148,958464438106;4,63051817435085;3,64751763837212e-06;0,165210674911435;0,0400786643187918;FBtr0072129
1609;376,577012273273;214,512819496172;0,561751791259601;162,064192777101;4,6241543987497;3,76129629398037e-06;0,166649447925869;0,0400786643187918;FBtr0072070
12534;277,32130698019;134,822509082496;0,719317240785957;142,498797897694;4,6185483429078;3,8643395674498e-06;0,16791690962915;0,0400786643187918;FBtr0085827
2605;49,1964447805658;9,53247906869942;1,60010566014637;39,6639657118664;4,61835418180165;3,86795642715043e-06;0,167960807116662;0,0400786643187918;FBtr0073300
13550;1080,68773598403;654,029330491475;0,50189907343992;426,658405492558;4,61777494960593;3,87876573371138e-06;0,168091764539508;0,0400786643187918;FBtr0087052
13614;167,703634198508;289,593228049806;-0,545026993634494;-121,889593851298;-4,61521995709508;3,92679207572577e-06;0,00284521539565107;0,00130296612856386;FBtr0087130
6934;344,181188777677;153,007552129382;0,808870133940085;191,173636648296;4,61437649844713;3,94277137449883e-06;0,168860113413606;0,0400786643187918;FBtr0078743
13549;1081,88755778332;655,272659151477;0,501110409055925;426,614898631847;4,6113789912649;4,00006487910609e-06;0,169537813683802;0,0400786643187918;FBtr0087051
23547;169,066223913358;60,5265107022095;1,02193518063334;108,539713211149;4,60903685161373;4,04538631793017e-06;0,170079446966412;0,0479666490882751;FBtr0305059
1699;12894,822559756;20932,1255479049;-0,484444319480432;-8037,30298814895;-4,60295878827405;4,16530675262372e-06;0,00296687298956377;0,00130296612856386;FBtr0072173
1698;12894,822559756;20932,0444383516;-0,484440444681722;-8037,22187859562;-4,60292524170942;4,1659779854708e-06;0,00296720584480748;0,00130296612856386;FBtr0072172
24792;130,291896440036;58,6209629355395;0,794021918960631;71,6709335044962;4,60179376038137;4,18867858842376e-06;0,171940283493242;0,0479666490882751;FBtr0307174
15723;264,668922115775;152,652214662622;0,548934770936594;112,016707453153;4,59957737201777;4,23348935774115e-06;0,172509700098986;0,0479666490882751;FBtr0089882
6209;35,1811527439403;89,6529156623216;-0,926884676434652;-54,4717629183813;-4,59753960961177;4,27509371658807e-06;0,00302064308657967;0,00130296612856386;FBtr0077854
8254;1323,31420985845;649,565144638031;0,711199821382385;673,749065220423;4,59621319684684;4,30238486681667e-06;0,173373996825328;0,0479666490882751;FBtr0080413
5287;1510,7011328695;875,290920672221;0,545532678418709;635,410212197276;4,58244626728905;4,59567819843798e-06;0,176910885228577;0,0479666490882751;FBtr0076665
17406;277,594570947957;132,499124342518;0,737618694798227;145,095446605439;4,57876836627349;4,67721797736687e-06;0,177855781866251;0,0479666490882751;FBtr0112745
9782;74,5558673029494;139,934517889254;-0,626508581676035;-65,3786505863043;-4,56759540336761;4,93351149533083e-06;0,00331775506150331;0,00170679880141533;FBtr0082341
7295;115,075830232037;52,1353590888935;0,786538733414499;62,9404711431433;4,56467643072858;5,00265328806648e-06;0,181476168183977;0,0479666490882751;FBtr0079187
4481;805,280964314979;300,943650623434;0,983228847212629;504,337313691544;4,56124727482934;5,08506541696541e-06;0,182357159234454;0,0479666490882751;FBtr0075653
24846;197,043345658158;99,1581830291116;0,684211870957257;97,8851626290462;4,55786953277255;5,16751192103371e-06;0,183224941455588;0,0479666490882751;FBtr0307280
22362;1162,66199737907;2308,40049769192;-0,685629279686971;-1145,73850031285;-4,55739544797582;5,17918567832787e-06;0,00341896091300848;0,00170679880141533;FBtr0303531
18886;1158,8911927169;605,697165490975;0,648445023713838;553,194027225923;4,5563725123069;5,20446030183308e-06;0,183609543868359;0,0479666490882751;FBtr0290134
5286;1510,75562693437;875,615358885557;0,545198354794638;635,140268048813;4,55550594053468;5,22596385876817e-06;0,183832176492349;0,0479666490882751;FBtr0076664
18639;2499,38521834167;1539,05638016797;0,484750508055897;960,328838173691;4,5516399307371;5,32293769084369e-06;0,18482540051972;0,0479666490882751;FBtr0273341
1904;1621,84829022727;995,296540512669;0,488086980370909;626,551749714605;4,54770082842506;5,42351578869393e-06;0,185837402885838;0,0479666490882751;FBtr0072433
16240;58,3592253845938;144,707692329322;-0,903016496045894;-86,3484669447279;-4,54245709306675;5,5602316060277e-06;0,00356718204443384;0,00170679880141533;FBtr0100058
12261;178,993111890713;83,8284774489856;0,755417214578802;95,1646344417272;4,54151647993322;5,58510191295269e-06;0,187426235774874;0,0479666490882751;FBtr0085510
2218;293,626698935271;172,076372476078;0,53317074578318;121,550326459194;4,52855892138003;5,93873217158425e-06;0,190755187113577;0,0479666490882751;FBtr0072826
24845;196,061658847039;98,7526352624416;0,68330769659262;97,3090235845976;4,52194942804328;6,1272700599968e-06;0,192453244784022;0,0479666490882751;FBtr0307279
4402;1236,55835951411;2414,42051368572;-0,668930102412445;-1177,86215417162;-4,51992817854312;6,18606140023736e-06;0,00379071811790405;0,00170679880141533;FBtr0075553
17119;3819,07314600646;11499,5133811935;-1,1022095244588;-7680,44023518704;-4,51985310878992;6,18825528952982e-06;0,00379146297393563;0,00170679880141533;FBtr0112357
1905;1695,36263835782;1044,4117097395;0,484259148995537;650,950928618319;4,51922922551355;6,20651690530494e-06;0,1931520972581;0,0479666490882751;FBtr0072434
21223;141,634677732011;53,5932241021895;0,966066112494392;88,0414536298218;4,51919346187586;6,20756529978728e-06;0,193161285363179;0,0479666490882751;FBtr0301942
4403;1236,34022452593;2413,69052770572;-0,66880412431593;-1177,35030317978;-4,5177334706625;6,25050922931081e-06;0,00381249441704774;0,00170679880141533;FBtr0075554
1906;1696,45331329869;1045,38502437951;0,483971034288882;651,068288919176;4,51684090758253;6,27690278776072e-06;0,193765684620338;0,0479666490882751;FBtr0072435
922;139,781006518582;76,5707526356295;0,598923734961454;63,2102538829521;4,51442881532734;6,3487641928095e-06;0,194385379890017;0,0479666490882751;FBtr0071157
21030;3815,69197432544;11481,7524959601;-1,10154952203623;-7666,06052163464;-4,51229230187401;6,41307234428012e-06;0,00386648270417942;0,00170679880141533;FBtr0301737
2128;526,331760971807;317,286346409898;0,505501968089916;209,045414561909;4,50937990744328;6,50173869276571e-06;0,195682504544373;0,0479666490882751;FBtr0072716
17405;322,095616457712;170,883254115986;0,632497276649173;151,212362341726;4,50788847916989;6,5475973540785e-06;0,196065670256254;0,0479666490882751;FBtr0112744
3179;1734,19685667115;2992,48513198184;-0,545438585507762;-1258,28827531069;-4,50729282572084;6,56599893367193e-06;0,00391608843496221;0,00170679880141533;FBtr0074030
9467;910,154637607768;556,573920950937;0,491465779085751;353,580716656832;4,50606808966631;6,60399039342785e-06;0,196533350031734;0,0479666490882751;FBtr0081944
9469;907,482364956139;555,411701844268;0,490615484551827;352,07066311187;4,49855032400009;6,84184021282341e-06;0,198464753696696;0,0479666490882751;FBtr0081946
9468;916,098935081993;561,061631744299;0,489948479427031;355,037303337694;4,49448054246832;6,97399796045772e-06;0,19951032911299;0,0479666490882751;FBtr0081945
13116;129,854912184628;57,4875361355795;0,810032731007388;72,3673760490489;4,493858058989;6,99442587803745e-06;0,199670252543264;0,0479666490882751;FBtr0086512
13825;305,679410993061;130,293716775788;0,850549839587479;175,385694217273;4,49313021659416;7,01838392136445e-06;0,199857243935564;0,0479666490882751;FBtr0087407
6053;1319,12657948327;2804,90823237432;-0,754200263528193;-1485,78165289104;-4,48726738991308;7,21425092153893e-06;0,00411478452772339;0,00170679880141533;FBtr0077672
22398;12,4941616018665;1,1125351486754;2,08669258195542;11,3816264531911;4,48376397756911;7,33377776263033e-06;0,20226354245338;0,0479666490882751;FBtr0303603
6052;1326,37992497956;2817,68035334103;-0,753261146722651;-1491,30042836147;-4,48332975851133;7,34872336294323e-06;0,00415385443770047;0,00170679880141533;FBtr0077671
986;1449,96006238413;3733,99638350558;-0,945732181901997;-2284,03632112145;-4,47250511354934;7,73085510008542e-06;0,00426125857512463;0,00170679880141533;FBtr0071240
20172;1319,39928790066;2802,59713684098;-0,75316948953863;-1483,19784894032;-4,46875793974721;7,86751004433484e-06;0,00429843872943077;0,00170679880141533;FBtr0300815
11657;45,0523561913197;99,1037588357696;-0,782337553244144;-54,05140264445;-4,46397748951857;8,04520204167325e-06;0,0043458712443178;0,00170679880141533;FBtr0084729
15029;683,395063510559;1107,81480203341;-0,482791454379323;-424,419738522855;-4,46252692264462;8,09987477801144e-06;0,00436026403820794;0,00170679880141533;FBtr0088923
22645;41,1256089468451;82,9650646690196;-0,69571257956386;-41,8394557221745;-4,46250310963162;8,10077526103292e-06;0,00436050031534504;0,00170679880141533;FBtr0304014
5474;519,78929861342;934,458759619337;-0,586117420595775;-414,669461005917;-4,45483042566817;8,39595289581219e-06;0,00446597026529094;0,00202721052527069;FBtr0076907
13725;80,5007203275549;171,456288356114;-0,752782259484928;-90,9555680285589;-4,42394686852359;9,6913864107151e-06;0,00492060090250729;0,00263210404920902;FBtr0087279
24121;1022,98888877509;1705,76741152277;-0,511090914500666;-682,778522747679;-4,37512456931517;1,21363151788234e-05;0,00563930415600819;0,00263210404920902;FBtr0306099
20875;36341,9650675597;57192,099129847;-0,453437610055771;-20850,1340622873;-4,33684878307098;1,44539990425407e-05;0,00620275431198238;0,00263210404920902;FBtr0301561
9826;1013,99046337342;1689,80533261604;-0,510522702885456;-675,814869242618;-4,33622398549;1,44951241176638e-05;0,00621195183158936;0,00263210404920902;FBtr0082398
11414;586,541858932304;1104,38256890675;-0,632398208600509;-517,840709974447;-4,33526336768324;1,45585710993323e-05;0,00622609289324124;0,00263210404920902;FBtr0084435
13358;58,4680547856599;110,468225089094;-0,632248046912404;-52,0001703034337;-4,30706078835503;1,65438156469744e-05;0,0066412573948918;0,00263210404920902;FBtr0086812
17931;630,550473749697;1004,44857735942;-0,465305802940776;-373,898103609718;-4,30231918243787;1,69019590852137e-05;0,0067261142023144;0,00310892609362437;FBtr0113405
5958;943,098496961361;1713,7161477495;-0,597010443756601;-770,61765078814;-4,30156827504722;1,69593500420895e-05;0,00674221602188957;0,00310892609362437;FBtr0077547
24084;287,736498704219;466,196813017316;-0,481898504959942;-178,460314313097;-4,28964417164051;1,78959610317442e-05;0,00699790635606612;0,00310892609362437;FBtr0306051
5213;114,913459138179;334,40748400322;-1,0653333489426;-219,494024865041;-4,28064101987914;1,86355754709933e-05;0,007190962286897;0,00310892609362437;FBtr0076567
17039;8253,68844617052;13444,9663628946;-0,487921213874797;-5191,27791672408;-4,27971920999093;1,87129248570006e-05;0,00721072879430844;0,00310892609362437;FBtr0111120
22133;4037,87809455465;12306,5751678575;-1,11433116428171;-8268,69707330286;-4,26602345240755;1,98987871828926e-05;0,00750440897418059;0,0039998951179257;FBtr0303220
17046;40878,3945455508;63764,4320984853;-0,444589481526576;-22886,0375529345;-4,25900577892709;2,05338162426738e-05;0,00765488999704307;0,0039998951179257;FBtr0111129
17047;40880,7395363559;63765,1620844653;-0,444543566845329;-22884,4225481094;-4,25859956684146;2,05711590135493e-05;0,00766360046359805;0,0039998951179257;FBtr0111132
5473;712,410588332874;1256,42751578749;-0,567069531985374;-544,016927454614;-4,24954873779209;2,14201601078656e-05;0,00785767874565199;0,0039998951179257;FBtr0076906
9825;1008,37328901712;1675,76319762934;-0,507732876159378;-667,389908612219;-4,23561343048504;2,27928607297034e-05;0,00815649562610506;0,0039998951179257;FBtr0082397
20369;3444,49219711238;5369,41424021697;-0,443890298754905;-1924,92204310459;-4,22879493369281;2,34946371626688e-05;0,00830270567342866;0,0039998951179257;FBtr0301030
22192;117,748896527068;204,038451382806;-0,547964288496398;-86,2895548557381;-4,22798104950822;2,3579764648396e-05;0,00832015791382282;0,0039998951179257;FBtr0303281
22134;3980,34265017598;12151,7942666303;-1,1160244624536;-8171,45161645429;-4,22747759061528;2,36325703182327e-05;0,00833095365822287;0,0039998951179257;FBtr0303221
24603;13,8029715309045;38,0911171554735;-0,992554809439464;-24,288145624569;-4,22456660565377;2,39401042012588e-05;0,00839337434447539;0,0039998951179257;FBtr0306845
8163;3980,50629109928;12151,2131570769;-1,11593553613129;-8170,70686597765;-4,22399272952976;2,40011795522577e-05;0,00840568005610148;0,0039998951179257;FBtr0080276
4941;117,4756325593;209,732623216256;-0,577736547832871;-92,2569906569555;-4,21928633613569;2,4507685688846e-05;0,00850659995411403;0,0039998951179257;FBtr0076239
16250;1527,34825098108;3615,3903391177;-0,861477741871244;-2088,04208813661;-4,21815337406418;2,46311259100018e-05;0,00853089422939773;0,0039998951179257;FBtr0100081
21090;22808,5698610953;36345,2434528853;-0,465918840381329;-13536,67359179;-4,20137604086909;2,65297497943351e-05;0,00889065309636886;0,0039998951179257;FBtr0301801
25253;22808,133591119;36344,7434528853;-0,465924210739872;-13536,6098617663;-4,20060057477361;2,66207878145686e-05;0,00890728153192762;0,0039998951179257;FBtr0308335
18151;22811,1330662528;36346,378986632;-0,46583771218282;-13535,2459203791;-4,19977696545082;2,67178030313175e-05;0,00892494230991588;0,0039998951179257;FBtr0113743
18152;22822,0402918475;36358,3133267053;-0,465687975097784;-13536,2730348578;-4,19920087055266;2,67858625755402e-05;0,00893729559904828;0,0039998951179257;FBtr0113744
25254;22835,5108019641;36378,8442259588;-0,465662436127554;-13543,3334239946;-4,19591059308856;2,71777448748178e-05;0,00900784951120722;0,0039998951179257;FBtr0308336
18150;22771,2674289239;36289,1272301851;-0,466010451192996;-13517,8598012611;-4,18803600184422;2,8137888841373e-05;0,0091767055499459;0,0039998951179257;FBtr0113742
25252;22767,4499079022;36282,6939435851;-0,466000816067861;-13515,2440356828;-4,18670984887967;2,83027257663715e-05;0,00920514244646633;0,0039998951179257;FBtr0308334
25251;22785,1741296525;36302,6971040051;-0,465773801049941;-13517,5229743526;-4,18664861515098;2,83103590688061e-05;0,00920645549047623;0,0039998951179257;FBtr0308333
8161;4216,31029267864;8833,89078238653;-0,739573160942666;-4617,5804897079;-4,17616936841184;2,96459122473003e-05;0,00943116354686065;0,0039998951179257;FBtr0080274
18690;166,285756775384;271,309871349816;-0,488392724245785;-105,024114574432;-4,15850880566666;3,2033188652969e-05;0,00980986163727796;0,0039998951179257;FBtr0273401
24120;999,484089838218;1653,65224229594;-0,503304547572922;-654,168152457719;-4,14871026289004;3,34353663691278e-05;0,0100199732567049;0,0039998951179257;FBtr0306098
13250;804,846837175816;1255,16663055406;-0,444148852001879;-450,319793378242;-4,14832622626428;3,34914924240426e-05;0,0100282082115544;0,0039998951179257;FBtr0086673
7614;290,24568598293;461,356925177268;-0,462806203614978;-171,111239194338;-4,13205809956087;3,59529510527423e-05;0,0105252446936588;0,0046979902654582;FBtr0079593
7206;1278,9293746334;2029,03286707091;-0,461391474364811;-750,103492437508;-4,09197028794427;4,27723465004082e-05;0,0117535065177482;0,0059877052522412;FBtr0079080
11096;761,495087617487;1752,21930422196;-0,832983640039784;-990,724216604472;-4,08944095327032;4,32414124873493e-05;0,0118310035198316;0,0059877052522412;FBtr0084028
4813;202,880083560758;368,34006960354;-0,595286573157067;-165,459986042782;-4,08800004356135;4,35108071803469e-05;0,011875151960869;0,0059877052522412;FBtr0076063
16695;87,5896312571366;254,758607576548;-1,06392234548318;-167,168976319411;-4,07885278257236;4,52584840890946e-05;0,0121554174833479;0,0059877052522412;FBtr0100642
13252;2008,41213979662;4324,69476923246;-0,76686382114378;-2316,28262943584;-4,07446254557866;4,61207348241288e-05;0,0122899311991289;0,0059877052522412;FBtr0086675
5956;1034,82775151907;1969,23616769092;-0,643181564028217;-934,408416171846;-4,06992034652016;4,702921428823e-05;0,0124291009236906;0,0059877052522412;FBtr0077545
1314;542,529831448285;862,813744612439;-0,463613919494602;-320,283913164154;-4,06319478842237;4,84056025882307e-05;0,0126351672047894;0,0059877052522412;FBtr0071678
23326;4,04107367063206;16,4935045020694;-1,31966770750615;-12,4524308314374;-4,03415230673847;5,47997664308575e-05;0,0135250080339748;0,0059877052522412;FBtr0304829
5228;1224,49945703778;1906,18314549698;-0,442424758667288;-681,683688459193;-4,02388365234341;5,72462064263313e-05;0,0138396322469114;0,0059877052522412;FBtr0076588
8411;11,894409430901;32,7666789421375;-0,987310745051553;-20,8722695112365;-4,01537308116206;5,93518320370912e-05;0,0141003900498873;0,0059877052522412;FBtr0080616
5115;2168,68083034906;3304,32256434913;-0,42103318608015;-1135,64173400007;-4,01124129961378;6,04003377826512e-05;0,0142269848760095;0,0059877052522412;FBtr0076457
18876;118,676009908973;271,275110676618;-0,824373450103183;-152,599100767645;-4,0084821395146;6,11102595697854e-05;0,0143115235644465;0,0059877052522412;FBtr0290122
5475;750,858745060359;1312,79022756775;-0,558407663902264;-561,931482507395;-3,99949949799606;6,34765824416572e-05;0,0145867452643044;0,0059877052522412;FBtr0076908
9857;929,958046443292;2270,79831472381;-0,892429903834669;-1340,84026828052;-3,97825512272129;6,94228598558944e-05;0,0154036019399812;0,00699252701464273;FBtr0082437
9205;312,932200938963;486,04477617057;-0,43974586300361;-173,112575231607;-3,95566404365223;7,63223547382008e-05;0,0163728066217421;0,00882603852125123;FBtr0081603
10942;344,836863571639;534,142741297632;-0,437078393763809;-189,305877725994;-3,95505653022335;7,65165571416926e-05;0,0163988702222323;0,00882603852125123;FBtr0083815
14981;345,16509779032;629,845340917947;-0,600797448534006;-284,680243127627;-3,94195179451885;8,08212226526273e-05;0,0169610908739864;0,00882603852125123;FBtr0088863
7758;1250,73078459814;1894,89416895654;-0,415299127065962;-644,1633843584;-3,93163102984413;8,43714896623382e-05;0,0174038733285792;0,00882603852125123;FBtr0079765
2787;311,02419438934;481,587964630632;-0,436649590830232;-170,563770241292;-3,92782763472587;8,57166059102799e-05;0,0175670469576;0,00882603852125123;FBtr0073531
24119;969,489179770648;1594,73721326904;-0,497492810653869;-625,248033498397;-3,92073231788802;8,82802825923346e-05;0,0178714509339128;0,00882603852125123;FBtr0306097
11741;2141,58886748703;4642,21162480619;-0,773517138185628;-2500,62275731916;-3,91198423184161;9,15408900519221e-05;0,0182467621763156;0,00882603852125123;FBtr0084853
21397;124,729057419923;232,914505843068;-0,622671348306597;-108,185448423144;-3,89496579222658;9,82125892730057e-05;0,018976888935676;0,00882603852125123;FBtr0302204
13270;377,830772587057;578,894497744499;-0,42621471608668;-201,063725157442;-3,88083959112711;0,000104096484087268;0,0195829325956201;0,00882603852125123;FBtr0086694
2500;1005,64969687422;1629,36677864923;-0,482367415931233;-623,71708177501;-3,87366963379359;0,000107208721908725;0,019890538805772;0,00882603852125123;FBtr0073172
13229;215,259521914767;349,270195783486;-0,48311189235294;-134,010673868719;-3,85788613192214;0,000114371905731936;0,0205676841453822;0,00882603852125123;FBtr0086652
13536;6,00436792852921;20,6557236087374;-1,17943654845724;-14,6513556802082;-3,83360007886288;0,000126281389095428;0,0216382629249724;0,0102469792713448;FBtr0087032
19347;703,517738394328;1058,68699112629;-0,408453350892207;-355,169252731958;-3,82048762330834;0,000133188089066483;0,0224093815372314;0,0102469792713448;FBtr0299905
11111;266,195628939965;408,62869367032;-0,427921719372924;-142,433064730355;-3,81434369326111;0,000136545327461768;0,0227706943967588;0,0102469792713448;FBtr0084048
15580;1904,46050056797;2854,58203574031;-0,404639303001101;-950,121535172337;-3,79743311884652;0,000146202205831392;0,0237651731670273;0,0128050233548746;FBtr0089630
9038;103,078247153841;398,273003729902;-1,34806500381867;-295,194756576061;-3,79201103510482;0,000149432272300132;0,0240840356160221;0,0128050233548746;FBtr0081398
3331;1730,75468304936;2575,48757955936;-0,397386590670543;-844,732896510001;-3,78995769250848;0,000150672945396613;0,0242047887950734;0,0128050233548746;FBtr0074210
20276;583,974844286434;992,705601173071;-0,530223951158357;-408,730756886637;-3,78751428510619;0,0001521619392022;0,0243484809446793;0,0128050233548746;FBtr0300922
5068;10529,4952514193;35358,9061271036;-1,21133656739198;-24829,4108756843;-3,77818024950006;0,00015797852223387;0,0248973978545162;0,0128050233548746;FBtr0076389
13946;516,024446276762;776,219640905151;-0,407956844657686;-260,195194628389;-3,77590929222009;0,000159425004561786;0,0250309485398889;0,0128050233548746;FBtr0087565
12078;131,272948336433;275,073564529662;-0,73777426165979;-143,800616193229;-3,77579541128305;0,000159497867996627;0,025037645661551;0,0128050233548746;FBtr0085290
22046;4,31386145235853;16,4257376287314;-1,2573358412516;-12,1118761763729;-3,77532475629161;0,000159799335551769;0,0250653239878826;0,0128050233548746;FBtr0303076
17389;1043,50452994229;2902,35556660165;-1,0226311021772;-1858,85103665936;-3,77051466109937;0,000162911230956908;0,0253481965523728;0,0128050233548746;FBtr0112725
23770;324,277045703782;503,947515990824;-0,440324868953365;-179,670470287042;-3,76110470476205;0,000169164595134053;0,0259015782162474;0,0128050233548746;FBtr0305342
1259;1285,64055723285;2290,49880739741;-0,577341965064773;-1004,85825016455;-3,75818261468718;0,000171151955908888;0,0260734207848689;0,0128050233548746;FBtr0071606
9762;1874,40387428057;2778,13891935402;-0,393403819398145;-903,735045073449;-3,75776654134982;0,000171436713736872;0,0260978892677685;0,0128050233548746;FBtr0082318
13945;517,987740534659;776,462969565153;-0,404476307723614;-258,475229030494;-3,74591748112708;0,000179735669878944;0,0267947099995926;0,0128050233548746;FBtr0087564
1318;450,145854468693;676,204892278139;-0,406553486867837;-226,059037809446;-3,74212222701089;0,000182472720088533;0,027017901687456;0,0128050233548746;FBtr0071682
2416;14966,9232406434;28089,7998695445;-0,629548260970009;-13122,876628901;-3,73677211707884;0,00018639771063822;0,0273325314933737;0,0128050233548746;FBtr0073073
19597;1347,32024892944;2303,31200987746;-0,536076489462461;-955,99176094802;-3,73625553211325;0,000186780864282143;0,0273629108742705;0,0128050233548746;FBtr0300190
9641;735,963214730048;1662,08236452827;-0,814268025276474;-926,119149798219;-3,73511654540488;0,000187628273596863;0,0274298925197975;0,0128050233548746;FBtr0082152
17401;4,15014116471856;15,7234904820754;-1,24956264457564;-11,5733493173569;-3,72319120165999;0,000196720428646602;0,0281311993407068;0,0128050233548746;FBtr0112738
11721;2974,68138699372;5048,10630115609;-0,528807217671666;-2073,42491416237;-3,70200377555687;0,000213903434381324;0,0293771916375748;0,0128050233548746;FBtr0084821
20366;766,56176582125;1643,24809258105;-0,762167008291452;-876,6863267598;-3,6892357992612;0,000224928675366609;0,0301280520787423;0,0128050233548746;FBtr0301022
1000;119,385226395726;209,48613413618;-0,560506662221821;-90,100907740454;-3,6845487505439;0,000229108173782411;0,0304036885136905;0,0128050233548746;FBtr0071262
24468;2032,02322847568;4545,63895883019;-0,805000301338908;-2513,61573035451;-3,67240135510297;0,000240281913896689;0,0312504608958151;0,0147777117574367;FBtr0306697
20269;1126,61856356793;2977,1975574408;-0,971485937817154;-1850,57899387286;-3,6701965858868;0,000242364001879158;0,0314242532457878;0,0147777117574367;FBtr0300915
21570;3,11403965306688;40,2975781955615;-2,42379655751496;-37,1835385424946;-3,6699852944419;0,000242564422573865;0,031440908429681;0,0147777117574367;FBtr0302392
12847;525,243863782847;1393,98334987546;-0,975465123988204;-868,739486092616;-3,65533148733754;0,00025684987821295;0,032596004189382;0,0147777117574367;FBtr0086214
2409;4711,92068414869;7613,17903818919;-0,479744781224384;-2901,2583540405;-3,65127462442197;0,000260942029333133;0,0329157890151333;0,0147777117574367;FBtr0073066
11740;2542,9247355827;5492,38509938422;-0,76994214254085;-2949,46036380153;-3,65066280171115;0,000261564452627594;0,0329640163333939;0,0182771642395706;FBtr0084852
2410;4715,62929640499;7646,20080865605;-0,483285889134011;-2930,57151225106;-3,63504962165899;0,000277927135329037;0,0341947352820779;0,0182771642395706;FBtr0073067
1473;10,5308673439693;37,5900636821155;-1,239255987208;-27,0591963381461;-3,61457126704761;0,000300845054574284;0,0358089547411429;0,0182771642395706;FBtr0071890
1822;420,58792865653;680,968937931643;-0,481409002586185;-260,381009275113;-3,61448376816876;0,00030094666898095;0,0358158518964838;0,0182771642395706;FBtr0072323
19484;42,4341014185225;84,3428736023396;-0,681134584941013;-41,908772183817;-3,61436756312061;0,00030108167019538;0,0358250118340631;0,0182771642395706;FBtr0300059
535;132,200299811359;203,768437362812;-0,431341797619767;-71,5681375514528;-3,59873161517795;0,000319772983479405;0,0370575254763432;0,0182771642395706;FBtr0070655
15757;1439,70073387807;2099,51460949778;-0,377161799209607;-659,813875619708;-3,59820216352223;0,000320424513808426;0,0370992598432648;0,0182771642395706;FBtr0089935
24694;50,8335682926253;321,154325556954;-1,83513255492658;-270,320757264329;-3,59519086600342;0,000324153836308572;0,0373366273048673;0,0182771642395706;FBtr0307036
7199;50,8335682926253;321,235435110288;-1,83538468686502;-270,401866817663;-3,59439664122082;0,00032514418757712;0,0373992325836244;0,0182771642395706;FBtr0079073
4349;8198,48333943077;13622,4379112187;-0,507744819542319;-5423,95457178793;-3,58580529058281;0,000336039623451079;0,0380764513173906;0,0182771642395706;FBtr0075492
4658;492,899121685499;950,195414965533;-0,655875308587929;-457,296293280034;-3,58466209662259;0,000337514892408741;0,0381665643157779;0,0182771642395706;FBtr0075868
12860;1772,20215618205;2839,06975048129;-0,471147520023584;-1066,86759429923;-3,58246282161449;0,000340370070237572;0,0383399235812702;0,0182771642395706;FBtr0086230
18429;508,224969666645;812,374137172271;-0,468668748862814;-304,149167505626;-3,58198687839706;0,000340990923744844;0,0383774401111652;0,0182771642395706;FBtr0114542
5223;3125,0810963003;4533,76640542081;-0,372043090902322;-1408,68530912051;-3,58148088968739;0,000341652132495485;0,0384173249962899;0,0182771642395706;FBtr0076582
13418;21,2199579504872;42,9166088421675;-0,6926105010316;-21,6966508916802;-3,57799600107037;0,000346238747678251;0,0386920235804795;0,0182771642395706;FBtr0086896
9824;1106,64699004172;1776,88293322326;-0,473355592929889;-670,235943181537;-3,57516281641897;0,000350010007568846;0,0389153511808747;0,0182771642395706;FBtr0082396
24250;73,2470573739114;118,011413549156;-0,474368178398384;-44,7643561752442;-3,56298866766649;0,000366656513430375;0,0398749862778708;0,0182771642395706;FBtr0306296
20181;363,923675036776;536,96085867082;-0,388538803083027;-173,037183634044;-3,54637646105566;0,000390567819678278;0,041184454136891;0,0182771642395706;FBtr0300824
8395;157,560595341484;352,169775183666;-0,802553663708229;-194,609179842182;-3,54258492090153;0,000396225825364915;0,0414833247255083;0,0182771642395706;FBtr0080585
20514;982,144183658287;1427,16628202802;-0,373549334738066;-445,022098369729;-3,54042187634867;0,000399487888177008;0,0416538281020889;0,0182771642395706;FBtr0301187
9756;1064,48895122849;1808,33868734222;-0,529720605481039;-743,849736113729;-3,54007881194001;0,000400007559189675;0,0416808703745117;0,0182771642395706;FBtr0082312
13862;146,488697087072;222,893788849566;-0,418580390168232;-76,4050917624943;-3,53793349583138;0,000403271615762257;0,0418499762950857;0,0182771642395706;FBtr0087453
17286;890,193222717095;1309,49317571411;-0,385777145334264;-419,299952997015;-3,5282761130956;0,000418275609907814;0,042611225693857;0,0182771642395706;FBtr0112573
11436;763,4558422165;1109,98193603321;-0,374039387335289;-346,526093816714;-3,5226822307611;0,000427203237496343;0,0430521670628011;0,0182771642395706;FBtr0084463
2295;680,836858306445;1582,74353410919;-0,843174055171048;-901,906675802748;-3,51696847702439;0,00043650561825137;0,0436404989983875;0,0209637617298182;FBtr0072929
15558;305,680601458163;490,046883117286;-0,471345728039928;-184,366281659123;-3,51573370707363;0,000438540599948967;0,0437679146210089;0,0209637617298182;FBtr0089607
15131;868,106301203347;1290,25090052747;-0,396089446926514;-422,144599324119;-3,51287743300263;0,000443281912315463;0,0440626528748106;0,0209637617298182;FBtr0089050
14267;45,1611855923857;89,4004582157556;-0,67745443198182;-44,2392726233699;-3,50770598695522;0,000451988282365479;0,0445962931837426;0,0209637617298182;FBtr0087956
2411;4978,87619326633;7991,50839919089;-0,473137471501258;-3012,63220592456;-3,49652174381607;0,000471366076905788;0,0457503926192263;0,0209637617298182;FBtr0073068
7593;95,5523519688525;153,30319803601;-0,47078047449076;-57,7508460671572;-3,49627994259593;0,00047179345560755;0,0457753440306171;0,0209637617298182;FBtr0079563
11074;966,111579484932;1396,80883761454;-0,36850666790308;-430,697258129608;-3,49362872435276;0,000476503199649869;0,0460489226214726;0,0256534221874877;FBtr0084001
9964;206,153854398837;848,422240525465;-1,41292240002476;-642,268386126629;-3,47840046572923;0,000504415727783813;0,0476203230695994;0,0256534221874877;FBtr0082575
5488;363,81452817835;532,014229390805;-0,379592036157889;-168,199701212455;-3,46802092680013;0,000524306457403867;0,0486913852657275;0,0256534221874877;FBtr0076930
8435;67,9575616859066;118,512467022514;-0,553014236675601;-50,554905336607;-3,45971100099126;0,000540755422192563;0,0495488845677021;0,0256534221874877;FBtr0080656
21954;67,9575616859066;118,43135746918;-0,552332482848631;-50,4737957832731;-3,45942307556592;0,000541333878736339;0,0495785955250474;0,0256534221874877;FBtr0302946
1278;1726,51636809763;3691,21302285797;-0,759695307282928;-1964,69665476034;-3,45929778558397;0,000541585772530162;0,0495915241690013;0,0256534221874877;FBtr0071625
17421;209,806305939122;441,848849864062;-0,743533756163096;-232,04254392494;-3,45502084525814;0,000550250278302578;0,050032860641592;0,0256534221874877;FBtr0112762
12348;74,0109266542176;748,841134919748;-2,30824855253044;-674,83020826553;-3,44072678177666;0,000580154031826874;0,051507861711356;0,0256534221874877;FBtr0085614
1578;2587,24436255696;3796,66457097874;-0,383468028912486;-1209,42020842178;-3,43988347584944;0,000581964687579539;0,0515948822528837;0,0256534221874877;FBtr0072034
16540;3853,30716466916;5500,14949751138;-0,355804642096921;-1646,84233284223;-3,43758841665703;0,000586919069805569;0,0518317088745344;0,0256534221874877;FBtr0100461
16544;3855,76130233261;5502,69057902473;-0,355629889739528;-1646,92927669212;-3,43599499986065;0,000590381868337042;0,0519961331813301;0,0256534221874877;FBtr0100465
1577;2587,73520596252;3795,92124231874;-0,383082588841206;-1208,18603635622;-3,43526980512621;0,000591964143993318;0,0520709658564804;0,0256534221874877;FBtr0072033
5472;831,191517904625;1466,7530114218;-0,567685631543048;-635,561493517174;-3,42663799310436;0,000611103169828153;0,0529616805215388;0,0256534221874877;FBtr0076905
14210;119,493341517731;189,255094682816;-0,458298011473283;-69,7617531650852;-3,42508245853732;0,000614612850739604;0,0531221957699433;0,0256534221874877;FBtr0087891
7307;1091,54221352933;1564,97211414218;-0,360137915223457;-473,429900612849;-3,42143956333509;0,000622905675294438;0,0534981052744233;0,0256534221874877;FBtr0079200
16541;3866,55938106888;5509,32716624476;-0,354038887028692;-1642,76778517589;-3,42142159726619;0,00062294683069819;0,0534999591888735;0,0256534221874877;FBtr0100462
8735;651,167325341311;1114,11887572691;-0,536733615465648;-462,951550385595;-3,41141090538829;0,000646276180021887;0,0545329601439982;0,0256534221874877;FBtr0081034
11916;3675,13243700924;5253,40125395825;-0,357245687074537;-1578,26881694901;-3,41064449078518;0,000648095344303545;0,0546120462877629;0,0256534221874877;FBtr0085077
12371;78,2099061300377;199,912398896352;-0,934608218488715;-121,702492766314;-3,40843241308989;0,00065337268372101;0,0548403100681205;0,0256534221874877;FBtr0085638
15134;135,146471345477;266,971036983126;-0,678959261681438;-131,824565637649;-3,40820365300552;0,000653920709227096;0,0548639157677586;0,0256534221874877;FBtr0089053
17287;1028,93294815629;1472,4843994012;-0,358282431516034;-443,55145124491;-3,40580865625429;0,000659683966808267;0,0551110549227463;0,0256534221874877;FBtr0112574
17288;1029,36921813264;1472,40328984787;-0,357803658603148;-443,03407171523;-3,40149291351383;0,000670188661258786;0,0555563954074345;0,0256534221874877;FBtr0112575
8973;2536,26804704811;4550,14526782749;-0,584378191621038;-2013,87722077937;-3,40066615112104;0,000672218700852545;0,0556417088255108;0,0256534221874877;FBtr0081322
5497;683,995926782286;1021,57533479319;-0,400907787087822;-337,579408010899;-3,39987324070068;0,000674170989156675;0,0557235290664644;0,0256534221874877;FBtr0076939
12897;23608,0453862996;39238,8523960148;-0,508071391759968;-15630,8070097151;-3,399686337674;0,000674631945133175;0,0557428155461027;0,0256534221874877;FBtr0086274
12896;23609,9541071283;39240,9745870814;-0,508044628072838;-15631,0204799531;-3,39931235342331;0,000675555176409715;0,0557814068935215;0,0256534221874877;FBtr0086273
17641;201,132860818191;359,069002110188;-0,578457574849171;-157,936141291997;-3,39679717853512;0,000681794806805858;0,0560409472023735;0,0256534221874877;FBtr0113050
24720;647,894189417954;930,626947092495;-0,361896795207016;-282,732757674541;-3,3964029456571;0,000682777660034439;0,0560816280009136;0,0256534221874877;FBtr0307062
14954;180,300493261628;305,533888963332;-0,526301667895105;-125,233395701704;-3,39467275594404;0,000687106751318334;0,0562601658730152;0,0256534221874877;FBtr0088830
19262;442,674056526876;639,014934338121;-0,366747376891781;-196,340877811245;-3,38883034763812;0,000701914234359391;0,0568630426205819;0,0256534221874877;FBtr0299805
6411;285,827857239876;416,632907563752;-0,376267385948404;-130,805050323877;-3,38834786169121;0,00070315024934553;0,0569128302326734;0,0256534221874877;FBtr0078099
2854;1312,31315472298;2752,58941005381;-0,740551421850878;-1440,27625533083;-3,38157396901518;0,00072071825930653;0,0576118266346809;0,0256534221874877;FBtr0073613
10032;440,331843473751;910,741763845669;-0,726144749563261;-470,409920371918;-3,37760037748409;0,000731212602886444;0,0580218606160433;0,0256534221874877;FBtr0082657
7759;232,111362441043;427,857978650626;-0,610590156116729;-195,746616209584;-3,37718655124431;0,000732313649935756;0,0580645632490039;0,0256534221874877;FBtr0079766
14140;4833,16408463961;8123,26612400425;-0,519189065300785;-3290,10203936464;-3,37398155333116;0,000740893324364666;0,0583952862345716;0,0256534221874877;FBtr0087797
13208;164,651411015229;1589,04585727724;-2,26434093442132;-1424,39444626201;-3,36003784358982;0,000779317967445126;0,0600113959000168;0,0292397779892576;FBtr0086620
11714;257,144931674949;679,313740664823;-0,970236446638655;-422,168808989874;-3,35865928946934;0,000783215674931004;0,0601930206876489;0,0292397779892576;FBtr0084811
22539;334,636949719537;544,971040930742;-0,487110463240951;-210,334091211205;-3,35656895179482;0,000789160405003209;0,0604684231042633;0,0292397779892576;FBtr0303852
12159;1732,02415750249;3508,16280861045;-0,705655602974773;-1776,13865110796;-3,35004580750895;0,000807981972332783;0,0613278486995407;0,0292397779892576;FBtr0085390
17391;541,929603091279;780,605525151677;-0,364651943035993;-238,675922060398;-3,34596531451691;0,000819966520931192;0,0618654544867235;0,0292397779892576;FBtr0112727
3812;1536,61271819557;2178,1490897711;-0,348799202762264;-641,53637157553;-3,34337193237783;0,000827668871490772;0,0622071331145424;0,0292397779892576;FBtr0074820
3813;1549,10146213668;2194,69227823116;-0,348271864305926;-645,590816094477;-3,33893460891575;0,000841003589973077;0,0627917513892136;0,0292397779892576;FBtr0074821
141;684,599647170259;1320,68102670741;-0,656717034758161;-636,081379537153;-3,3381621958601;0,000843345052241373;0,062893516967448;0,0353901905848977;FBtr0070175
10948;1504,81609132055;2131,55147711769;-0,34808174739797;-626,735385797137;-3,33577118331386;0,000850631454687889;0,0632085333599743;0,0353901905848977;FBtr0083823
6343;2001,79581847437;3090,07677626875;-0,434063301024598;-1088,28095779438;-3,3332480099381;0,00085838388878412;0,0635409619688509;0,0353901905848977;FBtr0078016
696;228,947928926493;398,203834857164;-0,552542758195602;-169,255905930671;-3,33253180073438;0,000860596345669817;0,0636353226780847;0,0353901905848977;FBtr0070863
17788;128,492243105438;191,793015776088;-0,399268060929909;-63,3007726706494;-3,32597824127729;0,00088108806368159;0,0644987554783984;0,0353901905848977;FBtr0113228
9856;42,979438888955;116,13676503591;-0,986776376140863;-73,1573261469547;-3,32348394404059;0,000889005402441523;0,0648273796500415;0,0353901905848977;FBtr0082435
24251;82,6816733875842;130,635711562552;-0,455205701304987;-47,9540381749675;-3,32259201945099;0,000891852499372403;0,0649448908973433;0,0353901905848977;FBtr0306297
20971;1642,74800887181;3461,88401827755;-0,745282597966597;-1819,13600940574;-3,3223254498697;0,000892705050547615;0,0649800114942582;0,0353901905848977;FBtr0301671
24243;12,3307587715871;102,433464415896;-2,08223748565349;-90,1027056443086;-3,31217823932938;0,000925725458393201;0,0663169085605875;0,0353901905848977;FBtr0306289
8192;2742,77246628713;4191,2530587932;-0,423967499036895;-1448,48059250607;-3,31088227035136;0,000930023274322789;0,0664876527387914;0,0353901905848977;FBtr0080313
11377;287,683274468788;417,701727910448;-0,372367271344209;-130,01845344166;-3,30668549370747;0,000944068220141148;0,0670405789209135;0,0353901905848977;FBtr0084376
13226;831,127976304976;1895,8980264287;-0,824326393375474;-1064,77005012372;-3,3030901220109;0,000956256501402963;0,0675142698780893;0,0353901905848977;FBtr0086643
24125;592,37589844734;842,809178245349;-0,352348550642138;-250,433279798009;-3,30023911226219;0,000966024834986534;0,0678898909962267;0,0353901905848977;FBtr0306103
1640;708,918126956242;1005,83797449967;-0,349628158454348;-296,919847543431;-3,29536592912299;0,000982935936675311;0,0685319338726002;0,0353901905848977;FBtr0072107
9532;1065,80466585512;1998,26811252247;-0,628331959274142;-932,463446667346;-3,2920392114016;0,000994637428098022;0,0689702296135398;0,0353901905848977;FBtr0082027
1579;2706,45957799655;3957,06274837952;-0,379802290085625;-1250,60317038297;-3,28794773282006;0,00100920573882357;0,0695092827543876;0,0353901905848977;FBtr0072035
15344;1644,97940841537;2743,2396924275;-0,511290065642106;-1098,26028401213;-3,28544092394995;0,00101822892283687;0,0698395553362949;0,0353901905848977;FBtr0089341
11864;29,7817959184476;112,002284762592;-1,31242679324394;-82,2204888441441;-3,28520954930014;0,00101906550208231;0,0698700389937808;0,0353901905848977;FBtr0085007
1969;242,4724569219;356,827780396902;-0,385705421991857;-114,355323475002;-3,28489498034249;0,00102020390668356;0,0699114835183586;0,0353901905848977;FBtr0072525
8500;2524,32757705802;5209,66740655847;-0,724439212944068;-2685,33982950045;-3,28431569146856;0,00102230339561626;0,0699878049461084;0,0353901905848977;FBtr0080746
22652;9445,98252489736;13239,8441560375;-0,337626091202286;-3793,86163114009;-3,28151100506732;0,00103252495175998;0,0703573229537319;0,0353901905848977;FBtr0304021
17252;123,147697802179;183,22524890275;-0,396005054041167;-60,0775511005703;-3,28132747459936;0,001033197106457;0,0703815031304639;0,0353901905848977;FBtr0112520
5247;23,5106134193242;63,8151347689896;-0,985299022580287;-40,3045213496654;-3,27961763249067;0,00103947865202847;0,0706067751783734;0,0353901905848977;FBtr0076608
22669;690,049371114937;1040,64836903331;-0,410592113125652;-350,598997918376;-3,2691258213912;0,00107880318090969;0,071989073438928;0,0353901905848977;FBtr0304041
11306;477,467301419531;678,968585457985;-0,351768677593087;-201,501284038454;-3,26683234439006;0,00108758067900339;0,0722912395034178;0,0353901905848977;FBtr0084288
15034;62,2860519934086;136,4755994026;-0,780069856624842;-74,1895474091911;-3,26286972594246;0,0011029020574318;0,0728133152952359;0,0353901905848977;FBtr0088928
21101;1022,44982108753;1658,29269093574;-0,483399608123261;-635,842869848216;-3,26167274934374;0,00110756924457034;0,0729710172071983;0,0353901905848977;FBtr0301812
14619;690,540214520497;1040,64836903331;-0,409881564303753;-350,108154512817;-3,26107889174091;0,00110989155422758;0,0730492580679634;0,0353901905848977;FBtr0088403
6230;2002,67708850448;3313,62979056746;-0,503460618150393;-1310,95270206298;-3,26071963824763;0,00111129861777126;0,0730965897892596;0,0353901905848977;FBtr0077885
24722;698,176526393355;995,980530086197;-0,355041732286654;-297,804003692843;-3,25948569708608;0,00111614408210547;0,0732591617899435;0,0353901905848977;FBtr0307064
23915;690,049371114937;1040,14836903331;-0,410111758823552;-350,098997918376;-3,25586747504109;0,00113046503292646;0,0737358632852023;0,0353901905848977;FBtr0305670
8972;2530,43361071138;4555,63508556756;-0,587886444420971;-2025,20147485619;-3,2550679689331;0,00113365231337914;0,0738411983786291;0,0353901905848977;FBtr0081321
24719;697,358480505536;994,656091872861;-0,354883268895187;-297,297611367326;-3,25503927066408;0,00113376687509725;0,0738449793814491;0,0353901905848977;FBtr0307061
24025;1541,63387050489;2440,98546866503;-0,459439565171745;-899,351598160136;-3,25295349683456;0,00114212186839091;0,0741197805105507;0,0353901905848977;FBtr0305991
12236;598,210493512757;846,203490278739;-0,346572397912751;-247,992996765982;-3,2493753544039;0,00115658753124448;0,0745912015084142;0,0353901905848977;FBtr0085475
15727;1542,23378140454;2441,22879732503;-0,459150286533592;-898,995015920493;-3,24771198326369;0,00116336967604291;0,0748103509967121;0,0353901905848977;FBtr0089897
12235;624,714767583518;882,992114345519;-0,345787147404549;-258,277346762001;-3,2472376111818;0,00116531058122749;0,0748728496156292;0,0353901905848977;FBtr0085474
13285;303,551364711102;469,49456587066;-0,435524482660874;-165,943201159558;-3,24131052386374;0,00118981500519721;0,0756537445833552;0,0353901905848977;FBtr0086714
20293;173,430590327961;1384,73230232353;-2,07496681839704;-1211,30171199557;-3,23816831819138;0,00120299812319602;0,0760677308240556;0,0353901905848977;FBtr0300942
15726;1540,32506057585;2439,59326357835;-0,459718234771163;-899,2682030025;-3,23550277246487;0,00121428706189763;0,0764189170192945;0,0353901905848977;FBtr0089896
18565;3850,03974297829;6525,60422973792;-0,527596838047099;-2675,56448675963;-3,23235894497222;0,00122772731848531;0,0768331169351493;0,0353901905848977;FBtr0273253
9608;167,320905914954;300,872723330022;-0,585450407634657;-133,551817415068;-3,23234057954177;0,00122780623508167;0,0768355365843722;0,0353901905848977;FBtr0082112
19322;25826,0947525657;39292,5233756439;-0,419642215491449;-13466,4286230782;-3,22876007916453;0,00124328151354103;0,0773072682421811;0,0353901905848977;FBtr0299870
19321;25825,5494150953;39291,7800469839;-0,419644413307351;-13466,2306318886;-3,2282105805554;0,00124567238098172;0,0773796647964432;0,0353901905848977;FBtr0299869
19886;1358,17480583908;2221,50091434412;-0,491898285480236;-863,32610850504;-3,2248319780466;0,00126046621959719;0,0778247963687466;0,0353901905848977;FBtr0300506
15130;238,329161976055;494,923991050907;-0,729665450628493;-256,594829074852;-3,22317011793283;0,00126780234738533;0,0780437467790027;0,0353901905848977;FBtr0089049
11836;1006,90202862988;1412,5739367414;-0,33839266035093;-405,67190811152;-3,22304197360708;0,00126836966244803;0,0780606298201572;0,0353901905848977;FBtr0084967
2529;262,158068185921;527,992458923944;-0,699175471058456;-265,834390738023;-3,22240745808923;0,00127118221724687;0,0781442273695508;0,0353901905848977;FBtr0073208
14236;2,56862281829424;9,84357460203942;-1,21513664796954;-7,27495178374518;-3,21707316631654;0,00129505567571231;0,0788470214027995;0,0353901905848977;FBtr0087921
11826;492,083139270523;813,867115332423;-0,502748008901963;-321,7839760619;-3,21701677080877;0,00129531026822272;0,0788544515224956;0,0353901905848977;FBtr0084957
19285;475,94027713798;672,982981611339;-0,34612034825363;-197,042704473359;-3,21583584233436;0,00130065208784602;0,0790100390907939;0,0353901905848977;FBtr0299832
15725;1374,75330303325;2186,08904573731;-0,463704881741746;-811,335742704053;-3,20995282165911;0,00132756759854491;0,0797851282693079;0,0353901905848977;FBtr0089895
16396;1500,12507797407;2095,66734734422;-0,334228864607388;-595,542269370151;-3,20839792257863;0,00133476681519928;0,0800368149212001;0,0400786643187918;FBtr0100285
13968;9556,09191409234;13357,0674726513;-0,334851906968117;-3800,97555855893;-3,2034024427462;0,00135814045896199;0,0808551199696768;0,0400786643187918;FBtr0087593
12299;422,877949210646;598,027924544459;-0,346207904393539;-175,149975333813;-3,19893262241073;0,00137937402117605;0,0815873172097791;0,0400786643187918;FBtr0085558
11101;474,522161621835;669,444007044709;-0,343832678325401;-194,921845422874;-3,19491730458666;0,00139870911954576;0,0822450628031744;0,0400786643187918;FBtr0084033
1838;3696,68370350206;6284,70183844371;-0,530626587233171;-2588,01813494165;-3,19071412718534;0,00141921630551445;0,0829335815045831;0,0400786643187918;FBtr0072343
13848;159,196925210142;1368,29585530344;-2,14840889309657;-1209,09893009329;-3,18757572358151;0,00143470885572206;0,0834476805700015;0,0400786643187918;FBtr0087438
17969;274,156524271858;425,71191017037;-0,439415349935858;-151,555385898512;-3,18529259356704;0,00144607719125389;0,0838216780396824;0,0400786643187918;FBtr0113458
20670;127,67419721762;418,74631836991;-1,1850683647219;-291,07212115229;-3,18279063327566;0,00145863045075356;0,0842315218997719;0,0400786643187918;FBtr0301347
16619;5991,96618879051;13488,4158159115;-0,811365252468361;-7496,44962712098;-3,1801928657452;0,00147177062204973;0,0846570598573353;0,0479666490882751;FBtr0100553
9037;127,728691282493;421,395194796582;-1,1909416092262;-293,666503514089;-3,17993170546612;0,00147309765411396;0,0846998402872447;0,0479666490882751;FBtr0081397
1136;5313,19163385048;8348,68712139763;-0,451877366747368;-3035,49548754715;-3,1775775343002;0,00148510975178295;0,0850854749439086;0,0479666490882751;FBtr0071438
5106;483,085983698299;679,178206918147;-0,340390325976958;-196,092223219848;-3,16654825061042;0,00154259752290287;0,0868921719634472;0,0479666490882751;FBtr0076439
22686;217,605068270178;379,790912776988;-0,555959608544755;-162,185844506811;-3,16377020323583;0,00155739710077296;0,0873472413997767;0,0479666490882751;FBtr0304058
8691;239,853964056082;342,413804843368;-0,355366430700366;-102,559840787286;-3,16274148110974;0,0015629105363173;0,0875157554439705;0,0479666490882751;FBtr0080984
20072;217,496000776091;379,790912776988;-0,556459802211324;-162,294912000897;-3,15839509831525;0,00158640392391352;0,0882277324917517;0,0479666490882751;FBtr0300710
22734;8,07680904485301;19,3723669087474;-0,840268231053736;-11,2955578638944;-3,15765793282176;0,00159042060327264;0,0883484869067663;0,0479666490882751;FBtr0304142
9531;1144,55353942276;2167,06937826955;-0,638155042354949;-1022,51583884678;-3,15662831562114;0,00159604647017564;0,0885171475723142;0,0479666490882751;FBtr0082026
15343;1695,20748941892;2778,08274068762;-0,493840940566071;-1082,87525126871;-3,15598339549566;0,00159957966301216;0,0886227913567451;0,0479666490882751;FBtr0089340
24718;678,761798166896;959,079897212659;-0,345488964055342;-280,318099045763;-3,15592594931686;0,001599894730691;0,0886322015635118;0,0479666490882751;FBtr0307060
19541;766,403839130441;1398,04198401462;-0,600824112142207;-631,63814488418;-3,15367571584701;0,00161228133565361;0,0890008102798713;0,0479666490882751;FBtr0300132
17225;74,1736152054357;279,215771590144;-1,32064716649693;-205,042156384708;-3,15193707778653;0,00162191220067398;0,0892856150133684;0,0479666490882751;FBtr0112487
3422;1367,33782453613;2632,52199565413;-0,654900971459637;-1265,184171118;-3,15082129245449;0,00162812075142993;0,0894683908028511;0,0479666490882751;FBtr0074321
6231;2044,72447253682;3356,99952418757;-0,495688957706429;-1312,27505165076;-3,15008426810761;0,0016322337544179;0,0895891220967685;0,0479666490882751;FBtr0077886
7225;678,216460696464;959,404335425995;-0,346630172209787;-281,187874729532;-3,14436391070758;0,00166448309574974;0,0905261686861955;0,0479666490882751;FBtr0079101
7226;678,707304102023;960,566554532663;-0,347117273151732;-281,85925043064;-3,13922517188618;0,00169395227366542;0,0913679408605222;0,0479666490882751;FBtr0079102
24126;602,573828190938;841,797942512069;-0,334094178572793;-239,224114321131;-3,13744820637303;0,0017042538162042;0,0916590239794927;0,0479666490882751;FBtr0306104
1562;401,008051584309;563,527924544459;-0,339876174931132;-162,51987296015;-3,13397661499838;0,00172454599029126;0,0922277022333182;0,0479666490882751;FBtr0072016
17074;691,411564008087;963,910303792485;-0,332058680623425;-272,498739784399;-3,13351734402152;0,00172724710369154;0,0923029349980556;0,0479666490882751;FBtr0111233
24721;655,147773007257;930,911357265843;-0,351077310878115;-275,763584258586;-3,13244718861633;0,00173355611692472;0,0924782361903524;0,0479666490882751;FBtr0307063
11200;255,23319500134;362,242456950136;-0,349558403497257;-107,009261948796;-3,1296579957497;0,0017500992959163;0,0929351313596854;0,0479666490882751;FBtr0084151
15522;338,838468854242;518,802853457584;-0,425489203174577;-179,964384603343;-3,12665773196472;0,00176805632487897;0,093426601865895;0,0479666490882751;FBtr0089569
12645;24906,9080891985;37264,843905066;-0,402898504080923;-12357,9358158676;-3,12562689183008;0,00177426504994882;0,0935954628591624;0,0479666490882751;FBtr0085961
11362;40,852503707758;79,2473678956516;-0,656730767880573;-38,3948641878935;-3,12210009531135;0,00179565875793486;0,0941731842178769;0,0479666490882751;FBtr0084353
13966;9790,98007202609;13644,7318026523;-0,331877514977336;-3853,75173062618;-3,11986507723813;0,00180933894940072;0,094539300513828;0,0479666490882751;FBtr0087591
13967;9790,98007202609;13644,7318026523;-0,331877514977336;-3853,75173062618;-3,11986507723813;0,00180933894940072;0,094539300513828;0,0479666490882751;FBtr0087592
10981;3400,49326474448;4689,41247390106;-0,321346394354767;-1288,91920915658;-3,1161499579922;0,00183229070151469;0,0951478708487336;0,0479666490882751;FBtr0083861
21507;3400,82046722674;4688,91247390106;-0,321143573582957;-1288,09200667432;-3,11426324933881;0,00184404880878808;0,0954569308925864;0,0479666490882751;FBtr0302327
10980;3402,62012056134;4689,7369121144;-0,320790402165506;-1287,11679155306;-3,11098527387492;0,00186464237926898;0,095993893098593;0,0479666490882751;FBtr0083860
24019;3398,37299616786;5707,64213504073;-0,51844969536993;-2309,26913887287;-3,11027373250314;0,00186914038640684;0,0961104500493274;0,0479666490882751;FBtr0305985
10034;18610,957878887;32390,4560610704;-0,554101843861849;-13779,4981821833;-3,10790444688829;0,00188418976876337;0,0964985605902467;0,0479666490882751;FBtr0082660
15341;1707,64189802384;2783,88049354097;-0,488619234280147;-1076,23859551713;-3,10583659969577;0,00189741532856869;0,0968372927749166;0,0479666490882751;FBtr0089338
1431;977,348944042468;1719,06410695514;-0,564470907339511;-741,715162912671;-3,104219583964;0,00190781680178764;0,0971021746643771;0,0479666490882751;FBtr0071832
10035;18627,7005725549;32409,7148393571;-0,55379705360584;-13782,0142668022;-3,10329813375917;0,00191376743814353;0,0972531165918449;0,0479666490882751;FBtr0082661
20461;15,7661864244615;41,9320584688795;-0,958815671836704;-26,165872044418;-3,10177310812127;0,00192365336626632;0,0975029296669457;0,0479666490882751;FBtr0301129
17943;1435,72671472367;2478,48336566593;-0,545829205433648;-1042,75665094225;-3,10136602912831;0,00192630016018325;0,0975696129098459;0,0479666490882751;FBtr0113421
18830;217,65892742033;309,341824076598;-0,350838100302315;-91,6828966562684;-3,10035248800319;0,00193290465524898;0,0977356401679567;0,0479666490882751;FBtr0290055
15342;1706,66029057706;2782,7182744343;-0,488776569490023;-1076,05798385724;-3,09347585777366;0,00197826648040644;0,0988620947673322;0,0479666490882751;FBtr0089339
17118;120,966347920449;176,020894809378;-0,373802000986942;-55,0545468889284;-3,09325064929727;0,00197976846469228;0,0988989859648477;0,0479666490882751;FBtr0112356
16532;1373,38269752005;1920,55182564373;-0,335232044722274;-547,169128123685;-3,08688854081767;0,00202263421460458;0,0999411572201523;0,0479666490882751;FBtr0100452
1815;211,604213258236;310,976304349916;-0,384245539968496;-99,3720910916797;-3,08381674118871;0,00204363438190547;0,100444345948484;0,0479666490882751;FBtr0072314
10412;736,138760304369;1813,72984290316;-0,901318704480577;-1077,59108259879;-3,08369347310134;0,0020444812565692;0,100464538382763;0,0479666490882751;FBtr0083157
10418;8030,76107549795;11013,3335818277;-0,315810519887033;-2982,57250632976;-3,07675890730554;0,00209264481485105;0,101600483355027;0,0479666490882751;FBtr0083164
7781;1332,00027390947;2494,49284297853;-0,627228778035273;-1162,49256906907;-3,07569936567963;0,00210009476885431;0,101774045913706;0,0479666490882751;FBtr0079791
3122;565,76668382818;1326,77758588746;-0,851820055414075;-761,010902059278;-3,07192259385909;0,00212684870496371;0,102392715501287;0,0479666490882751;FBtr0073961
24966;41,5616408301706;69,5430138022795;-0,509973355054061;-27,9813729721089;-3,07061775606856;0,00213616432919506;0,102606459803586;0,0479666490882751;FBtr0307504
12625;5,73165951114289;15,4801618220734;-0,941705395316319;-9,74850231093054;-3,07025474425482;0,00213876262218982;0,102665924441578;0,0479666490882751;FBtr0085927
7900;413,715089242277;576,250536210958;-0,331024448620584;-162,535446968681;-3,05982017791997;0,00221469921377127;0,104375201347279;0,0479666490882751;FBtr0079938
2819;648,060766821839;1240,62625004041;-0,649018809512574;-592,565483218573;-3,05893926425596;0,0022212217702835;0,104519503020535;0,0479666490882751;FBtr0073569
4515;1188,83875151021;1966,50547281598;-0,503114840037993;-777,666721305774;-3,05761849149122;0,00223103416819548;0,104735857616596;0,0479666490882751;FBtr0075699
13097;55,4140855868978;88,1827614423876;-0,461249196949189;-32,7686758554898;-3,05664118265644;0,00223832042734751;0,104895949695886;0,0479666490882751;FBtr0086482
